shape,seed,rule,nu,alpha,half,cov
normal,300011,CP,,,2.791454004409898,0.9947528185258065
normal,300011,Oracle,,,2.6041348322484223,0.9907893486042423
normal,300011,H,2.0,9e-05,3.9197996321958097,0.999911377382317
normal,300011,H,2.0,0.001,3.802558564010607,0.9998567906014071
normal,300011,H,2.0,0.005,3.651820047772489,0.9997396116730835
normal,300011,H,10.0,9e-05,3.1291993144965353,0.9982471663304198
normal,300011,H,10.0,0.001,3.0347360812012636,0.9975925374514916
normal,300011,H,10.0,0.005,2.978907001113072,0.9971072143726236
normal,300011,H,50.0,9e-05,2.8201696745136418,0.9952001737497129
normal,300011,H,50.0,0.001,2.7978380424783653,0.9948554098239704
normal,300011,H,50.0,0.005,2.786672226460727,0.9946747687880495
normal,300011,H,200.0,9e-05,2.7023211403990746,0.9931142779815056
normal,300011,H,200.0,0.001,2.691155324381436,0.9928794965664618
normal,300011,H,200.0,0.005,2.6967382323902553,0.992997770951199
normal,300011,H,1000.0,9e-05,2.6441862497265993,0.9918112416142371
normal,300011,H,1000.0,0.001,2.6441862497265993,0.9918112416142371
normal,300011,H,1000.0,0.005,2.6553520657442373,0.9920774325567905
normal,300009,CP,,,2.5576823459116538,0.9894627702766161
normal,300009,Oracle,,,2.3422403765687094,0.9808316350245285
normal,300009,H,2.0,9e-05,3.5761880322042114,0.999651359074079
normal,300009,H,2.0,0.001,3.463650008984111,0.9994671006281619
normal,300009,H,2.0,0.005,3.340881256380365,0.9991648706793075
normal,300009,H,10.0,9e-05,2.856912283140591,0.9957221596001973
normal,300009,H,10.0,0.001,2.7703599187615384,0.9944005619938705
normal,300009,H,10.0,0.005,2.7192062718433108,0.9934561214169471
normal,300009,H,50.0,9e-05,2.5629751562380028,0.9896220525784778
normal,300009,H,50.0,0.001,2.5373983327788885,0.988832019894047
normal,300009,H,50.0,0.005,2.532282968087066,0.988667750130618
normal,300009,H,200.0,9e-05,2.445321768326079,0.9855277039718886
normal,300009,H,200.0,0.001,2.4402064036342566,0.9853211276694716
normal,300009,H,200.0,0.005,2.445321768326079,0.9855277039718886
normal,300009,H,1000.0,9e-05,2.386940047348394,0.9830107384364428
normal,300009,H,1000.0,0.001,2.392055412040217,0.9832456873394562
normal,300009,H,1000.0,0.005,2.4022861414238625,0.9837070417968323
normal,300007,CP,,,3.033999975780292,0.9975866555063713
normal,300007,Oracle,,,2.863851067764357,0.9958147525777143
normal,300007,H,2.0,9e-05,4.2664541536756815,0.9999801395715431
normal,300007,H,2.0,0.001,4.132958154741363,0.9999641876053473
normal,300007,H,2.0,0.005,3.963054156097686,0.9999260030126278
normal,300007,H,10.0,9e-05,3.395023556418607,0.9993137730398687
normal,300007,H,10.0,0.001,3.2923525301085856,0.9990064701245589
normal,300007,H,10.0,0.005,3.237740530544546,0.998795196695174
normal,300007,H,50.0,9e-05,3.0773467146967133,0.9979114777730465
normal,300007,H,50.0,0.001,3.053074714890474,0.9977349046565376
normal,300007,H,50.0,0.005,3.040938714987354,0.9976415817084718
normal,300007,H,200.0,9e-05,2.955986715665515,0.9968832948543465
normal,300007,H,200.0,0.001,2.9499187157139555,0.9968214245732361
normal,300007,H,200.0,0.005,2.955986715665515,0.9968832948543465
normal,300007,H,1000.0,9e-05,2.9042763085614967,0.9963189686037977
normal,300007,H,1000.0,0.001,2.9042763085614967,0.9963189686037977
normal,300007,H,1000.0,0.005,2.9164123084646167,0.9964591775811313
normal,300006,CP,,,2.7814933134492184,0.9945890554691199
normal,300006,Oracle,,,2.594798534912665,0.990535362118647
normal,300006,H,2.0,9e-05,3.905812687505907,0.9999060907632693
normal,300006,H,2.0,0.001,3.7889899683410526,0.9998487389789583
normal,300006,H,2.0,0.005,3.6387893294148115,0.9997260772371499
normal,300006,H,10.0,9e-05,3.118033453523426,0.9981793786308979
normal,300006,H,10.0,0.001,3.0239072915438605,0.9975046710730411
normal,300006,H,10.0,0.005,2.9682774252748825,0.9970052609763238
normal,300006,H,50.0,9e-05,2.8101065179865654,0.9950474893901804
normal,300006,H,50.0,0.001,2.7822915848520764,0.9946023478987234
normal,300006,H,50.0,0.005,2.771165611598281,0.9944143990227599
normal,300006,H,200.0,9e-05,2.692678500501192,0.9929119418116694
normal,300006,H,200.0,0.001,2.687115513874294,0.9927927976575361
normal,300006,H,200.0,0.005,2.687115513874294,0.9927927976575361
normal,300006,H,1000.0,9e-05,2.6347510514269326,0.9915800987738503
normal,300006,H,1000.0,0.001,2.6403140380538304,0.9917170764235852
normal,300006,H,1000.0,0.005,2.651440011307626,0.991985065057551
normal,300000,CP,,,2.4745934498594884,0.9866612080655242
normal,300000,Oracle,,,2.250386007232751,0.9755755475218981
normal,300000,H,2.0,9e-05,3.469910323330293,0.9994793678394991
normal,300000,H,2.0,0.001,3.3610282115364876,0.9992234710642995
normal,300000,H,2.0,0.005,3.242247725943245,0.9988140911047232
normal,300000,H,10.0,9e-05,2.774000973945788,0.9944628487568439
normal,300000,H,10.0,0.001,2.6803619768024807,0.9926457413930347
normal,300000,H,10.0,0.005,2.6308701078052965,0.9914833420138431
normal,300000,H,50.0,9e-05,2.474765130993233,0.9866676178698308
normal,300000,H,50.0,0.001,2.4500191964946403,0.985715140126882
normal,300000,H,50.0,0.005,2.4401208226952034,0.985317649618737
normal,300000,H,200.0,9e-05,2.3609338322997084,0.9817710172274525
normal,300000,H,200.0,0.001,2.351035458500272,0.9812787502727904
normal,300000,H,200.0,0.005,2.35598464539999,0.9815263187147474
normal,300000,H,1000.0,9e-05,2.2945503267348535,0.9782410922382139
normal,300000,H,1000.0,0.001,2.296743506662409,0.9783665940144097
normal,300000,H,1000.0,0.005,2.306641880461846,0.9789252072372796
normal,300010,CP,,,2.4514922999235376,0.9857734769706199
normal,300010,Oracle,,,2.2209957500005797,0.9736487507498797
normal,300010,H,2.0,9e-05,3.4228086067324406,0.9993802230021764
normal,300010,H,2.0,0.001,3.3198459301356635,0.9990993286004028
normal,300010,H,2.0,0.005,3.1972713151395,0.9986126563199438
normal,300010,H,10.0,9e-05,2.7481047555486877,0.9940059145216038
normal,300010,H,10.0,0.001,2.665145878675417,0.992304506741482
normal,300010,H,10.0,0.005,2.611213048077105,0.9909778331878976
normal,300010,H,50.0,9e-05,2.4516623783570033,0.9857801987481467
normal,300010,H,50.0,0.001,2.4271474553577703,0.9847819307764707
normal,300010,H,50.0,0.005,2.4173414861580773,0.9843656580694211
normal,300010,H,200.0,9e-05,2.32908776336084,0.9801455831952712
normal,300010,H,200.0,0.001,2.3194295062843824,0.9796282406902752
normal,300010,H,200.0,0.005,2.32908776336084,0.9801455831952712
normal,300010,H,1000.0,9e-05,2.268226954419806,0.9766846226090988
normal,300010,H,1000.0,0.001,2.268226954419806,0.9766846226090988
normal,300010,H,1000.0,0.005,2.2829359082193457,0.9775658560615856
normal,300012,CP,,,2.4184410107730465,0.9844128273593593
normal,300012,Oracle,,,2.1844621189047913,0.9710716920749627
normal,300012,H,2.0,9e-05,3.381498806191927,0.9992790845391055
normal,300012,H,2.0,0.001,3.2895980477825617,0.9989966940563522
normal,300012,H,2.0,0.005,3.173512879265468,0.9984939378025743
normal,300012,H,10.0,9e-05,2.7013807405648484,0.9930947760255182
normal,300012,H,10.0,0.001,2.6147034423836244,0.9910695041988875
normal,300012,H,10.0,0.005,2.566334622168169,0.9897220376820652
normal,300012,H,50.0,9e-05,2.4089350321472516,0.9840008542438472
normal,300012,H,50.0,0.001,2.384750622039524,0.9829092976770952
normal,300012,H,50.0,0.005,2.379913740017978,0.9826833088689908
normal,300012,H,200.0,9e-05,2.2976867456517036,0.9784203755295626
normal,300012,H,200.0,0.001,2.2881587022607364,0.9778717192790571
normal,300012,H,200.0,0.005,2.292995584282282,0.9781517408233653
normal,300012,H,1000.0,9e-05,2.232809586817374,0.9744384961838974
normal,300012,H,1000.0,0.001,2.2376464688389195,0.974755881313526
normal,300012,H,1000.0,0.005,2.2473202328820108,0.9753804312751815
normal,300003,CP,,,2.6089117025917288,0.9909169323853373
normal,300003,Oracle,,,2.4027844896527424,0.9837292268728857
normal,300003,H,2.0,9e-05,3.6634711215355393,0.9997511797194265
normal,300003,H,2.0,0.001,3.553896830026699,0.999620431917402
normal,300003,H,2.0,0.005,3.4077977746815784,0.9993451059025615
normal,300003,H,10.0,9e-05,2.92457074285837,0.9965506833226083
normal,300003,H,10.0,0.001,2.8362847691617388,0.9954358269976165
normal,300003,H,10.0,0.005,2.78410653510991,0.9946324599181853
normal,300003,H,50.0,9e-05,2.619528349201866,0.9911948546240485
normal,300003,H,50.0,0.001,2.5934392321759514,0.990497867033894
normal,300003,H,50.0,0.005,2.5830035853655855,0.990205569487393
normal,300003,H,200.0,9e-05,2.509954057693025,0.9879253130114112
normal,300003,H,200.0,0.001,2.499518410882659,0.987563776304232
normal,300003,H,200.0,0.005,2.5047362342878423,0.9877457258936602
normal,300003,H,1000.0,9e-05,2.4451851507376925,0.9855222203703085
normal,300003,H,1000.0,0.001,2.4451851507376925,0.9855222203703085
normal,300003,H,1000.0,0.005,2.460838620953241,0.9861387301125231
normal,300008,CP,,,2.295091164789143,0.9782720996870504
normal,300008,Oracle,,,2.0396657201521853,0.9586163685821842
normal,300008,H,2.0,9e-05,3.1906685582537673,0.9985805598538247
normal,300008,H,2.0,0.001,3.1034550939917893,0.9980872473987772
normal,300008,H,2.0,0.005,2.9978809004115003,0.9972813610631008
normal,300008,H,10.0,9e-05,2.5681900562914213,0.9897768911530695
normal,300008,H,10.0,0.001,2.485933635581812,0.9870787940966481
normal,300008,H,10.0,0.005,2.4354416299564563,0.9851263759190105
normal,300008,H,50.0,9e-05,2.2768896631828586,0.9772071846828196
normal,300008,H,50.0,0.001,2.2539387515349696,0.975799978614786
normal,300008,H,50.0,0.005,2.240168204546236,0.974919994999625
normal,300008,H,200.0,9e-05,2.157544922613836,0.9690367691453419
normal,300008,H,200.0,0.001,2.1485028462899045,0.9683261694765655
normal,300008,H,200.0,0.005,2.1530930286194825,0.9686886319589929
normal,300008,H,1000.0,9e-05,2.093420658334971,0.9636883801084355
normal,300008,H,1000.0,0.001,2.093420658334971,0.9636883801084355
normal,300008,H,1000.0,0.005,2.1071912053237045,0.9648989910366925
normal,300013,CP,,,2.5183437479081654,0.9882091814184819
normal,300013,Oracle,,,2.299763935266823,0.978538402296196
normal,300013,H,2.0,9e-05,3.5262209294097113,0.9995784648369814
normal,300013,H,2.0,0.001,3.4154138045017643,0.9993631481812555
normal,300013,H,2.0,0.005,3.284459929610554,0.9989782197333312
normal,300013,H,10.0,9e-05,2.8180080473167686,0.9951677401294894
normal,300013,H,10.0,0.001,2.727750219655103,0.993623212612047
normal,300013,H,10.0,0.005,2.677383344696945,0.9925800314000939
normal,300013,H,50.0,9e-05,2.528591839320316,0.9885478879513445
normal,300013,H,50.0,0.001,2.5034084018412366,0.9876996484702225
normal,300013,H,50.0,0.005,2.4933350268496053,0.9873450623392763
normal,300013,H,200.0,9e-05,2.4077113394207372,0.9839471320046049
normal,300013,H,200.0,0.001,2.4026746519249214,0.9837243394847874
normal,300013,H,200.0,0.005,2.4077113394207372,0.9839471320046049
normal,300013,H,1000.0,9e-05,2.3423861421629564,0.9808391207112608
normal,300013,H,1000.0,0.001,2.3451908747657733,0.9809826589280153
normal,300013,H,1000.0,0.005,2.355264249757405,0.9814904621724454
normal,300002,CP,,,2.286874468543441,0.9777968487483588
normal,300002,Oracle,,,2.030127626921853,0.9576564320304346
normal,300002,H,2.0,9e-05,3.174671840692996,0.9984999395913998
normal,300002,H,2.0,0.001,3.092344359825441,0.9980141766253949
normal,300002,H,2.0,0.005,2.982574385335368,0.9971416482010915
normal,300002,H,10.0,9e-05,2.55899563390092,0.9895024940184212
normal,300002,H,10.0,0.001,2.4770337008498395,0.9867520607795459
normal,300002,H,10.0,0.005,2.431296211478976,0.984955090883868
normal,300002,H,50.0,9e-05,2.26873813045319,0.9767157446471966
normal,300002,H,50.0,0.001,2.245869385767758,0.9752876246745061
normal,300002,H,50.0,0.005,2.2321481389564988,0.9743948262897195
normal,300002,H,200.0,9e-05,2.14538470239858,0.9680778988166638
normal,300002,H,200.0,0.001,2.1362372045244076,0.9673399156351832
normal,300002,H,200.0,0.005,2.140810953461494,0.9677107137047931
normal,300002,H,1000.0,9e-05,2.0859259662164575,0.9630146702222238
normal,300002,H,1000.0,0.001,2.0859259662164575,0.9630146702222238
normal,300002,H,1000.0,0.005,2.0996472130277164,0.9642401136971679
normal,300001,CP,,,2.231867916756434,0.9743763060976092
normal,300001,Oracle,,,1.9637572880428271,0.9504417545152057
normal,300001,H,2.0,9e-05,3.102774694714287,0.9980828446565129
normal,300001,H,2.0,0.001,3.0134999780440395,0.9974174694014168
normal,300001,H,2.0,0.005,2.9063703180397424,0.9963435157142606
normal,300001,H,10.0,9e-05,2.506371180530035,0.9878022504262038
normal,300001,H,10.0,0.001,2.421916954930569,0.9845611217403873
normal,300001,H,10.0,0.005,2.3683521249284203,0.9821324785965535
normal,300001,H,50.0,9e-05,2.200776607362302,0.9722481575843431
normal,300001,H,50.0,0.001,2.1784579281947405,0.970628038805696
normal,300001,H,50.0,0.005,2.173994192361228,0.9702944286404176
normal,300001,H,200.0,9e-05,2.080390218741524,0.9625102443108235
normal,300001,H,200.0,0.001,2.0714627470744995,0.9616844276719709
normal,300001,H,200.0,0.005,2.080390218741524,0.9625102443108235
normal,300001,H,1000.0,9e-05,2.017897917072351,0.9563981059635704
normal,300001,H,1000.0,0.001,2.0223616529058632,0.956860996385456
normal,300001,H,1000.0,0.005,2.0357528604064004,0.958224821855655
normal,300004,CP,,,2.222175379186387,0.9737285443325763
normal,300004,Oracle,,,1.951063936775729,0.9489505594777348
normal,300004,H,2.0,9e-05,3.0848556396178486,0.9979634902665868
normal,300004,H,2.0,0.001,3.000412975208775,0.9973038621570827
normal,300004,H,2.0,0.005,2.8981929077662123,0.9962468033905647
normal,300004,H,10.0,9e-05,2.4910421816930817,0.9872631002740537
normal,300004,H,10.0,0.001,2.4069547232075768,0.9839138359556199
normal,300004,H,10.0,0.005,2.3536225141071094,0.9814085197674172
normal,300004,H,50.0,9e-05,2.200107794390851,0.972200751990469
normal,300004,H,50.0,0.001,2.173441689840617,0.970252910026842
normal,300004,H,50.0,0.005,2.1645529883238726,0.9695780654748116
normal,300004,H,200.0,9e-05,2.075799868026695,0.962087535409837
normal,300004,H,200.0,0.001,2.0669111665099504,0.9612574746547058
normal,300004,H,200.0,0.005,2.071355517268323,0.9616744153652823
normal,300004,H,1000.0,9e-05,2.0091346066511107,0.9554771395516513
normal,300004,H,1000.0,0.001,2.013578957409483,0.9559462424658989
normal,300004,H,1000.0,0.005,2.0269120096846,0.9573285879051283
normal,300005,CP,,,2.3526761078277874,0.9813611385958989
normal,300005,Oracle,,,2.1073177500384856,0.9649099542306114
normal,300005,H,2.0,9e-05,3.2848400262068522,0.99897959709714
normal,300005,H,2.0,0.001,3.1907329818937513,0.9985808763018058
normal,300005,H,2.0,0.005,3.073099176502375,0.9978815193126747
normal,300005,H,10.0,9e-05,2.6326271820896645,0.9915272705577189
normal,300005,H,10.0,0.001,2.5483069081554874,0.9891752806964467
normal,300005,H,10.0,0.005,2.501253385998937,0.9876245400202968
normal,300005,H,50.0,9e-05,2.3387232739928554,0.9806502401711048
normal,300005,H,50.0,0.001,2.31519651291458,0.9793978199848927
normal,300005,H,50.0,0.005,2.30578580848327,0.9788773964116848
normal,300005,H,200.0,9e-05,2.225794820817134,0.9739720721037677
normal,300005,H,200.0,0.001,2.211820522226347,0.973020931468698
normal,300005,H,200.0,0.005,2.216525874442002,0.9733444921521668
normal,300005,H,1000.0,9e-05,2.1600616478541417,0.9692321025036601
normal,300005,H,1000.0,0.001,2.1626818729083954,0.9694343437444153
normal,300005,H,1000.0,0.005,2.1767979295553608,0.9705043523920343
normal,300015,CP,,,2.2116673413653074,0.9730103413394653
normal,300015,Oracle,,,1.9393699196290195,0.947543689424428
normal,300015,H,2.0,9e-05,3.0614215618789125,0.9977971129874077
normal,300015,H,2.0,0.001,2.98180153758977,0.9971344230482475
normal,300015,H,2.0,0.005,2.8889115092524373,0.9961342215493374
normal,300015,H,10.0,9e-05,2.4748394142507646,0.9866703904298681
normal,300015,H,10.0,0.001,2.3955729162170085,0.9834055867504494
normal,300015,H,10.0,0.005,2.342492900024247,0.9808446015628367
normal,300015,H,50.0,9e-05,2.180857438561014,0.9708060374119665
normal,300015,H,50.0,0.001,2.1587407651473636,0.9691297157200802
normal,300015,H,50.0,0.005,2.1498940957819035,0.9684364072316016
normal,300015,H,200.0,9e-05,2.0571373291639303,0.960326982143491
normal,300015,H,200.0,0.001,2.0527139944812,0.9598996760168534
normal,300015,H,200.0,0.005,2.0615606638466604,0.9607504176808646
normal,300015,H,1000.0,9e-05,1.9952106436057084,0.9539800893236485
normal,300015,H,1000.0,0.001,1.9996339782884385,0.9544601979025058
normal,300015,H,1000.0,0.005,2.017327317019359,0.9563386332932651
normal,300023,CP,,,2.715649670052309,0.9933854129419379
normal,300023,Oracle,,,2.518450256425022,0.9882127468028745
normal,300023,H,2.0,9e-05,3.7970602038302683,0.9998535777620663
normal,300023,H,2.0,0.001,3.683002917688084,0.9997694974797684
normal,300023,H,2.0,0.005,3.5417891348453794,0.9996025769634282
normal,300023,H,10.0,9e-05,3.0333606170760663,0.9975815359572857
normal,300023,H,10.0,0.001,2.9468939134667687,0.9967901669691386
normal,300023,H,10.0,0.005,2.8925809200657286,0.9961790925769853
normal,300023,H,50.0,9e-05,2.738154242096569,0.9938214909238223
normal,300023,H,50.0,0.001,2.710997745396049,0.9932918917623748
normal,300023,H,50.0,0.005,2.705566446055945,0.9931811994765329
normal,300023,H,200.0,9e-05,2.6235059862848003,0.9912970084334121
normal,300023,H,200.0,0.001,2.6126433876045922,0.9910155004660093
normal,300023,H,200.0,0.005,2.6180746869446962,0.991157255159355
normal,300023,H,1000.0,9e-05,2.5615184992289652,0.98957843090584
normal,300023,H,1000.0,0.001,2.5615184992289652,0.98957843090584
normal,300023,H,1000.0,0.005,2.5778123972492772,0.990057203787043
normal,300014,CP,,,2.0817120267873435,0.9626312185728068
normal,300014,Oracle,,,1.7769953249614612,0.9244309909766735
normal,300014,H,2.0,9e-05,2.8856989810669735,0.9960945450317698
normal,300014,H,2.0,0.001,2.8107573481026376,0.9950574954770393
normal,300014,H,2.0,0.005,2.7191620189240044,0.993455245821592
normal,300014,H,10.0,9e-05,2.3252569533494696,0.9799417754130391
normal,300014,H,10.0,0.001,2.2464846497451756,0.9753270183199798
normal,300014,H,10.0,0.005,2.1965235611022846,0.9719455093425948
normal,300014,H,50.0,9e-05,2.0360587861966066,0.9582555474179391
normal,300014,H,50.0,0.001,2.0152416659287353,0.9561206662253348
normal,300014,H,50.0,0.005,2.002751393768013,0.9547960206039254
normal,300014,H,200.0,9e-05,1.9112814959861872,0.9440315843058655
normal,300014,H,200.0,0.001,1.902954647879039,0.9429535367333386
normal,300014,H,200.0,0.005,1.9112814959861872,0.9440315843058655
normal,300014,H,1000.0,9e-05,1.8405032870754254,0.934305617876581
normal,300014,H,1000.0,0.001,1.8446667111289996,0.9349139638420476
normal,300014,H,1000.0,0.005,1.8613204073432965,0.9373010570404596
normal,300017,CP,,,2.4087437178874955,0.9839924656534009
normal,300017,Oracle,,,2.1747042790897297,0.9703477159677412
normal,300017,H,2.0,9e-05,3.377574887474708,0.9992687196215706
normal,300017,H,2.0,0.001,3.2764076513234444,0.9989486331072095
normal,300017,H,2.0,0.005,3.155970465429083,0.9984003494260938
normal,300017,H,10.0,9e-05,2.705001398366727,0.9931695898071915
normal,300017,H,10.0,0.001,2.6186716526555642,0.9911727132012997
normal,300017,H,10.0,0.005,2.5704967782978194,0.9898447228669631
normal,300017,H,50.0,9e-05,2.40891083053075,0.983999793284831
normal,300017,H,50.0,0.001,2.3848233933518777,0.9829126778468407
normal,300017,H,50.0,0.005,2.3751884184803287,0.9824600059352726
normal,300017,H,200.0,9e-05,2.2884736446363885,0.9778900467833378
normal,300017,H,200.0,0.001,2.283656157200614,0.9776082533883179
normal,300017,H,200.0,0.005,2.283656157200614,0.9776082533883179
normal,300017,H,1000.0,9e-05,2.22385662562271,0.9738419078656579
normal,300017,H,1000.0,0.001,2.2286741130584846,0.9741644041187867
normal,300017,H,1000.0,0.005,2.2383090879300336,0.9747990941138127
normal,300022,CP,,,2.559828719850214,0.9895276237150539
normal,300022,Oracle,,,2.346667445148931,0.9810578471513167
normal,300022,H,2.0,9e-05,3.574069465499639,0.9996485243825546
normal,300022,H,2.0,0.001,3.4665566592659416,0.9994728293850272
normal,300022,H,2.0,0.005,3.338565223273445,0.9991578774223648
normal,300022,H,10.0,9e-05,2.8644294244113406,0.9958223876300076
normal,300022,H,10.0,0.001,2.7778044264077413,0.9945272452556118
normal,300022,H,10.0,0.005,2.7317275094504425,0.9936996775016227
normal,300022,H,50.0,9e-05,2.565125971834521,0.9896861647654838
normal,300022,H,50.0,0.001,2.5395276846360213,0.9888997740210104
normal,300022,H,50.0,0.005,2.5292883697566215,0.9885705921806796
normal,300022,H,200.0,9e-05,2.452493508161124,0.9858130060679982
normal,300022,H,200.0,0.001,2.442254193281724,0.9854041345164875
normal,300022,H,200.0,0.005,2.4473738507214238,0.9856098510337685
normal,300022,H,1000.0,9e-05,2.3889431365587193,0.9831030826256479
normal,300022,H,1000.0,0.001,2.394062793998419,0.9833371042199379
normal,300022,H,1000.0,0.005,2.4043021088778187,0.983796623636332
normal,300025,CP,,,3.002715964779854,0.997324179587421
normal,300025,Oracle,,,2.8340599371187354,0.9954039289224486
normal,300025,H,2.0,9e-05,4.2344729938888115,0.9999770911687775
normal,300025,H,2.0,0.001,4.090342627579394,0.9999569263602666
normal,300025,H,2.0,0.005,3.9101796696926234,0.9999077725056658
normal,300025,H,10.0,9e-05,3.360016979248668,0.9992206231754026
normal,300025,H,10.0,0.001,3.2644100406171015,0.9989030770958502
normal,300025,H,10.0,0.005,3.204355721321511,0.9986463488356483
normal,300025,H,50.0,9e-05,3.051621181153877,0.9977239084724452
normal,300025,H,50.0,0.001,3.027599453435641,0.9975349541484153
normal,300025,H,50.0,0.005,3.015588589576523,0.9974351899744609
normal,300025,H,200.0,9e-05,2.931512542562696,0.9966268425515457
normal,300025,H,200.0,0.001,2.919501678703578,0.9964940849402657
normal,300025,H,200.0,0.005,2.925507110633137,0.9965610468315764
normal,300025,H,1000.0,9e-05,2.868324465059544,0.9958734789289969
normal,300025,H,1000.0,0.001,2.8743298969891034,0.9959511419562017
normal,300025,H,1000.0,0.005,2.8863407608482214,0.9961025008113069
normal,300020,CP,,,2.4735942002288347,0.9866238464684449
normal,300020,Oracle,,,2.2473418447668587,0.9753818114409807
normal,300020,H,2.0,9e-05,3.4784035380093297,0.9994955900541818
normal,300020,H,2.0,0.001,3.369565393199273,0.9992471317522591
normal,300020,H,2.0,0.005,3.240938494787388,0.9988086311433251
normal,300020,H,10.0,9e-05,2.7629864456917916,0.9942724855130791
normal,300020,H,10.0,0.001,2.6792796371092718,0.9926219251094759
normal,300020,H,10.0,0.005,2.6248605647042433,0.9913315542244703
normal,300020,H,50.0,9e-05,2.4688186236366696,0.9864440091001709
normal,300020,H,50.0,0.001,2.4490298700348414,0.9856758431339709
normal,300020,H,50.0,0.005,2.439135493233927,0.9852775529949149
normal,300020,H,200.0,9e-05,2.3550332904261557,0.9814789536547237
normal,300020,H,200.0,0.001,2.3403407690750755,0.9807338480767815
normal,300020,H,200.0,0.005,2.3500861020256987,0.9812309311706371
normal,300020,H,1000.0,9e-05,2.2936237791572562,0.9781878816984297
normal,300020,H,1000.0,0.001,2.2936237791572562,0.9781878816984297
normal,300020,H,1000.0,0.005,2.3084653443586274,0.9790267317851973
normal,300019,CP,,,2.3725523910935147,0.9823343424069224
normal,300019,Oracle,,,2.1323151520921706,0.9670190527449218
normal,300019,H,2.0,9e-05,3.3173366819255463,0.999091199700384
normal,300019,H,2.0,0.001,3.2224345862818162,0.9987289381489586
normal,300019,H,2.0,0.005,3.1038069667271535,0.9980895206600138
normal,300019,H,10.0,9e-05,2.6548685962095964,0.992066069225993
normal,300019,H,10.0,0.001,2.5745810580051116,0.9899638432941957
normal,300019,H,10.0,0.005,2.527130010183247,0.9885001076970532
normal,300019,H,50.0,9e-05,2.363226783308231,0.9818834204803335
normal,300019,H,50.0,0.001,2.3395012593972986,0.9806904935289724
normal,300019,H,50.0,0.005,2.3347561546151123,0.9804438371152919
normal,300019,H,200.0,9e-05,2.2445991637535685,0.9752061235006535
normal,300019,H,200.0,0.001,2.239997014652372,0.9749088833171047
normal,300019,H,200.0,0.005,2.2445991637535685,0.9752061235006535
normal,300019,H,1000.0,9e-05,2.18095301417453,0.9708131080628921
normal,300019,H,1000.0,0.001,2.1856981189567164,0.9711623013883537
normal,300019,H,1000.0,0.005,2.1972910716126934,0.9720003350960242
normal,300021,CP,,,2.16933977724977,0.9699431025622969
normal,300021,Oracle,,,1.886911262868626,0.9408277380243966
normal,300021,H,2.0,9e-05,3.0115085014336183,0.997400468765633
normal,300021,H,2.0,0.001,2.9290735898981364,0.9966002607775972
normal,300021,H,2.0,0.005,2.8249452805901587,0.995271130893242
normal,300021,H,10.0,9e-05,2.4144591440759893,0.9842414098143861
normal,300021,H,10.0,0.001,2.3367096724570953,0.9805457147345717
normal,300021,H,10.0,0.005,2.2889841973576055,0.9779197294292539
normal,300021,H,50.0,9e-05,2.139119523762058,0.9675740104040824
normal,300021,H,50.0,0.001,2.1174261259895633,0.9657763011655562
normal,300021,H,50.0,0.005,2.104410087326066,0.9646573097511126
normal,300021,H,200.0,9e-05,2.0090898484430175,0.9554723939533019
normal,300021,H,200.0,0.001,2.0047511688885185,0.9550103447487579
normal,300021,H,200.0,0.005,2.0090898484430175,0.9554723939533019
normal,300021,H,1000.0,9e-05,1.9483483346800305,0.9486267026674846
normal,300021,H,1000.0,0.001,1.9526870142345296,0.9491433066442272
normal,300021,H,1000.0,0.005,1.9657030528980268,0.9506670780265394
normal,300018,CP,,,2.412121728064724,0.9841400146186601
normal,300018,Oracle,,,2.178590028741126,0.9706378624153369
normal,300018,H,2.0,9e-05,3.372663094740213,0.9992555501780105
normal,300018,H,2.0,0.001,3.276178225617635,0.9989477786251617
normal,300018,H,2.0,0.005,3.1555721392144123,0.9983981635127344
normal,300018,H,10.0,9e-05,2.6846736615569373,0.9927399344546204
normal,300018,H,10.0,0.001,2.612695577809314,0.9910168722095158
normal,300018,H,10.0,0.005,2.564453143248025,0.9896661468707153
normal,300018,H,50.0,9e-05,2.402640588153658,0.9837228235061113
normal,300018,H,50.0,0.001,2.3785193708730135,0.9826176763898546
normal,300018,H,50.0,0.005,2.3688708839607555,0.9821575189322531
normal,300018,H,200.0,9e-05,2.291682988662693,0.9780760572534
normal,300018,H,200.0,0.001,2.286858745206564,0.9777959307179442
normal,300018,H,200.0,0.005,2.3013314755749508,0.9786270980663847
normal,300018,H,1000.0,9e-05,2.226975351063804,0.9740510787975094
normal,300018,H,1000.0,0.001,2.2339374070794515,0.9745128081765719
normal,300018,H,1000.0,0.005,2.2484101374478382,0.9754499506382954
normal,300026,CP,,,2.4605347097024506,0.9861269847914476
normal,300026,Oracle,,,2.2334372273137597,0.9744798744670542
normal,300026,H,2.0,9e-05,3.43543374857679,0.9994083939031195
normal,300026,H,2.0,0.001,3.3468544990275118,0.9991826590125694
normal,300026,H,2.0,0.005,3.228748832961807,0.9987566695967565
normal,300026,H,10.0,9e-05,2.758241230101688,0.9941886704599088
normal,300026,H,10.0,0.001,2.6700552872698804,0.9924161241601144
normal,300026,H,10.0,0.005,2.6159235236564324,0.9911013513985318
normal,300026,H,50.0,9e-05,2.460705415475798,0.9861335831740459
normal,300026,H,50.0,0.001,2.436100068378776,0.985153423293154
normal,300026,H,50.0,0.005,2.4262579295399673,0.9847445762400397
normal,300026,H,200.0,9e-05,2.3425997494100934,0.9808500857409599
normal,300026,H,200.0,0.001,2.3327576105712846,0.9803391293784827
normal,300026,H,200.0,0.005,2.3327576105712846,0.9803391293784827
normal,300026,H,1000.0,9e-05,2.2815144533785077,0.9774819775655728
normal,300026,H,1000.0,0.001,2.2815144533785077,0.9774819775655728
normal,300026,H,1000.0,0.005,2.293537312180298,0.9781829102294752
normal,300016,CP,,,2.3438263857769606,0.9809129461306123
normal,300016,Oracle,,,2.097174234623321,0.9640218455659813
normal,300016,H,2.0,9e-05,3.2677962649524357,0.9989161164128544
normal,300016,H,2.0,0.001,3.169355556749814,0.9984722262566179
normal,300016,H,2.0,0.005,3.056851890232532,0.9977632523298341
normal,300016,H,10.0,9e-05,2.6274120612718455,0.9913962923073141
normal,300016,H,10.0,0.001,2.5387213099669634,0.9888741589555488
normal,300016,H,10.0,0.005,2.487157129479876,0.9871231488950352
normal,300016,H,50.0,9e-05,2.3346136890742,0.9804363892164254
normal,300016,H,50.0,0.001,2.3111754252164327,0.9791768328179897
normal,300016,H,50.0,0.005,2.301800119673326,0.9786535531875018
normal,300016,H,200.0,9e-05,2.2081882890676225,0.9727688495826508
normal,300016,H,200.0,0.001,2.198812983524516,0.972108777079919
normal,300016,H,200.0,0.005,2.203500636296069,0.9724405178258013
normal,300016,H,1000.0,9e-05,2.1472488030374284,0.9682265206952192
normal,300016,H,1000.0,0.001,2.1472488030374284,0.9682265206952192
normal,300016,H,1000.0,0.005,2.1613117613520885,0.9693287349910482
normal,300027,CP,,,2.260517712800019,0.9762108616285525
normal,300027,Oracle,,,1.9986747262206452,0.9543564406993263
normal,300027,H,2.0,9e-05,3.142604050880646,0.9983254781456044
normal,300027,H,2.0,0.001,3.052183342368655,0.9977281670862821
normal,300027,H,2.0,0.005,2.948199527579866,0.996803693082666
normal,300027,H,10.0,9e-05,2.538544689810128,0.9888685414859095
normal,300027,H,10.0,0.001,2.4530063515173084,0.9858332162804411
normal,300027,H,10.0,0.005,2.4032749618357134,0.9837510354061998
normal,300027,H,50.0,9e-05,2.2425904001896093,0.9750767601363572
normal,300027,H,50.0,0.001,2.2199852230616117,0.9735802292879017
normal,300027,H,50.0,0.005,2.2064221167848133,0.9726455421174944
normal,300027,H,200.0,9e-05,2.120522443698422,0.9660379891461199
normal,300027,H,200.0,0.001,2.107095542569394,0.9648907013590768
normal,300027,H,200.0,0.005,2.1116165779949934,0.9652806505354221
normal,300027,H,1000.0,9e-05,2.0528431174621997,0.959912204742267
normal,300027,H,1000.0,0.001,2.0528431174621997,0.959912204742267
normal,300027,H,1000.0,0.005,2.066406223738998,0.9612098612325741
normal,300024,CP,,,2.4009944948104307,0.9836494175173371
normal,300024,Oracle,,,2.166046072180437,0.9696923335157157
normal,300024,H,2.0,9e-05,3.347500860099759,0.9991845626526756
normal,300024,H,2.0,0.001,3.2514610803073523,0.9988518650622447
normal,300024,H,2.0,0.005,3.131411355566844,0.9982603170387885
normal,300024,H,10.0,9e-05,2.691497089116112,0.9928867880927554
normal,300024,H,10.0,0.001,2.60544507675314,0.9908245017022526
normal,300024,H,10.0,0.005,2.552623197867316,0.9893084909024039
normal,300024,H,50.0,9e-05,2.4011610698318777,0.9836568589781969
normal,300024,H,50.0,0.001,2.377151124883776,0.9825530615776188
normal,300024,H,50.0,0.005,2.3675471469045353,0.982093561602897
normal,300024,H,200.0,9e-05,2.2811113450913694,0.977458141027129
normal,300024,H,200.0,0.001,2.2715073671121284,0.9768837184974515
normal,300024,H,200.0,0.005,2.2715073671121284,0.9768837184974515
normal,300024,H,1000.0,9e-05,2.2140281686671033,0.9731731587426529
normal,300024,H,1000.0,0.001,2.2167022069291047,0.973356552114812
normal,300024,H,1000.0,0.005,2.2263061849083456,0.9740063205128529
normal,300029,CP,,,2.8469107055663048,0.9955854256716523
normal,300029,Oracle,,,2.6642075971528505,0.9922830077108553
normal,300029,H,2.0,9e-05,3.9976727250184974,0.9999360316889998
normal,300029,H,2.0,0.001,3.872408653973594,0.999892234930601
normal,300029,H,2.0,0.005,3.7243692972841624,0.9998041958765866
normal,300029,H,10.0,9e-05,3.1856720453440897,0.9985558179387077
normal,300029,H,10.0,0.001,3.0893321487432974,0.9979939297396616
normal,300029,H,10.0,0.005,3.03808775604311,0.9976191538970203
normal,300029,H,50.0,9e-05,2.876196858412352,0.9959750139851842
normal,300029,H,50.0,0.001,2.853421572767824,0.9956748797726822
normal,300029,H,50.0,0.005,2.847727751356692,0.9955967424970433
normal,300029,H,200.0,9e-05,2.7560070745663587,0.9941488268585659
normal,300029,H,200.0,0.001,2.750313253155227,0.9940461682508894
normal,300029,H,200.0,0.005,2.7560070745663587,0.9941488268585659
normal,300029,H,1000.0,9e-05,2.702411062664481,0.9931161401896456
normal,300029,H,1000.0,0.001,2.708104884075613,0.993233136656213
normal,300029,H,1000.0,0.005,2.7194925268978767,0.9934617827608563
laplace,301004,CP,,,2.7793215625152525,0.9803672118946749
laplace,301004,Oracle,,,2.5915100815219096,0.9743945152990936
laplace,301004,H,2.0,9e-05,3.897204440662266,0.9959598739028295
laplace,301004,H,2.0,0.001,3.7749142919116085,0.99519709813446
laplace,301004,H,2.0,0.005,3.630389570660831,0.9941079197925102
laplace,301004,H,10.0,9e-05,3.115598936772268,0.9877975956805936
laplace,301004,H,10.0,0.001,3.0215462671786817,0.9860616564856184
laplace,301004,H,10.0,0.005,2.9659598359283827,0.984921729712835
laplace,301004,H,50.0,9e-05,2.8079124262641546,0.9811452015005528
laplace,301004,H,50.0,0.001,2.7856778537640348,0.9805429031953972
laplace,301004,H,50.0,0.005,2.780119210639005,0.9803893460725817
laplace,301004,H,200.0,9e-05,2.6850174518014094,0.9775662351471748
laplace,301004,H,200.0,0.001,2.6794588086763795,0.9773891858977768
laplace,301004,H,200.0,0.005,2.6850174518014094,0.9775662351471748
laplace,301004,H,1000.0,9e-05,2.6271352316662315,0.9756526015454596
laplace,301004,H,1000.0,0.001,2.6326938747912614,0.9758432487553161
laplace,301004,H,1000.0,0.005,2.649369804166351,0.976406280111763
laplace,301000,CP,,,2.6371729865764766,0.975995784157115
laplace,301000,Oracle,,,2.4318928890138216,0.9679101630816607
laplace,301000,H,2.0,9e-05,3.697881674684418,0.994644302954838
laplace,301000,H,2.0,0.001,3.587120409248218,0.9937361128282223
laplace,301000,H,2.0,0.005,3.4499874139462565,0.9923955295751161
laplace,301000,H,10.0,9e-05,2.9457027414526062,0.9844835226937718
laplace,301000,H,10.0,0.001,2.861734747527837,0.9825270986390522
laplace,301000,H,10.0,0.005,2.8089912877963132,0.9811739470975913
laplace,301000,H,50.0,9e-05,2.643204184909976,0.9761996550906689
laplace,301000,H,50.0,0.001,2.621532909154325,0.9754589338275601
laplace,301000,H,50.0,0.005,2.6162585631811726,0.975275196346681
laplace,301000,H,200.0,9e-05,2.5318690276107345,0.9721411201269221
laplace,301000,H,200.0,0.001,2.526594681637582,0.9719325423751641
laplace,301000,H,200.0,0.005,2.537143373583887,0.9723481478744329
laplace,301000,H,1000.0,9e-05,2.476947197261093,0.9698910352591548
laplace,301000,H,1000.0,0.001,2.482221543234245,0.9701147840666653
laplace,301000,H,1000.0,0.005,2.49277023518055,0.9705573058032169
normal,300028,CP,,,2.1567044074923443,0.9689712966400252
normal,300028,Oracle,,,1.871248520041005,0.9386893576201298
normal,300028,H,2.0,9e-05,3.011221535704122,0.9973980106087448
normal,300028,H,2.0,0.001,2.929266768219422,0.9966023731325089
normal,300028,H,2.0,0.005,2.825744956659801,0.9952829194352852
normal,300028,H,10.0,9e-05,2.4047094797064337,0.9838146729655286
normal,300028,H,10.0,0.001,2.3274128616850494,0.9800566981288434
normal,300028,H,10.0,0.005,2.275651955905239,0.9771331509755936
normal,300028,H,50.0,9e-05,2.1266601725707353,0.966551671043141
normal,300028,H,50.0,0.001,2.1007797196808298,0.9643396924940841
normal,300028,H,50.0,0.005,2.0878394932358773,0.9631876842749094
normal,300028,H,200.0,9e-05,1.9973878581060538,0.9542169342183402
normal,300028,H,200.0,0.001,1.9887610404760854,0.9532724150858387
normal,300028,H,200.0,0.005,1.9930744492910697,0.9537467046311741
normal,300028,H,1000.0,9e-05,1.9326867258812905,0.94672519859974
normal,300028,H,1000.0,0.001,1.9326867258812905,0.94672519859974
normal,300028,H,1000.0,0.005,1.9456269523262433,0.948300432975612
laplace,301003,CP,,,1.8796495606044636,0.9299275730495908
laplace,301003,Oracle,,,1.5087956132091584,0.8816086029294763
laplace,301003,H,2.0,9e-05,2.583041306121599,0.9740860034079903
laplace,301003,H,2.0,0.001,2.511614622818637,0.9713315901075741
laplace,301003,H,2.0,0.005,2.4364286403944666,0.9681153452420617
laplace,301003,H,10.0,9e-05,2.0810586304699745,0.9472958637240034
laplace,301003,H,10.0,0.001,2.0096319471670125,0.9416939113802141
laplace,301003,H,10.0,0.005,1.9570017594700935,0.9371885834498672
laplace,301003,H,50.0,9e-05,1.7970753853455301,0.9212477462440316
laplace,301003,H,50.0,0.001,1.767000992375862,0.917826036114443
laplace,301003,H,50.0,0.005,1.759482394133445,0.9169476265314076
laplace,301003,H,200.0,9e-05,1.673131770678351,0.9061601470559593
laplace,301003,H,200.0,0.001,1.6618538733147254,0.9046514625994506
laplace,301003,H,200.0,0.005,1.665613172435934,0.9051570333907664
laplace,301003,H,1000.0,9e-05,1.5979457882541808,0.8956324635763309
laplace,301003,H,1000.0,0.001,1.5979457882541808,0.8956324635763309
laplace,301003,H,1000.0,0.005,1.612982984739015,0.8978284905820049
laplace,301009,CP,,,2.7153675022941153,0.9785087531192673
laplace,301009,Oracle,,,2.5204530215884375,0.9716876973577013
laplace,301009,H,2.0,9e-05,3.8075271428447954,0.9954135846270251
laplace,301009,H,2.0,0.001,3.6880509727438677,0.9945693242451787
laplace,301009,H,2.0,0.005,3.5468518626245893,0.9933690421150485
laplace,301009,H,10.0,9e-05,3.043906907784114,0.9864955285733554
laplace,301009,H,10.0,0.001,2.9520184534350937,0.984621495145066
laplace,301009,H,10.0,0.005,2.8977111033892173,0.983393852855406
laplace,301009,H,50.0,9e-05,2.732439001011318,0.9790213975901376
laplace,301009,H,50.0,0.001,2.7052853259883802,0.9782001283779602
laplace,301009,H,50.0,0.005,2.6998545909837923,0.9780320559974156
laplace,301009,H,200.0,9e-05,2.623233392654288,0.9755178804255282
laplace,301009,H,200.0,0.001,2.6123719226451128,0.975138921302884
laplace,301009,H,200.0,0.005,2.6178026576497007,0.9753291284829022
laplace,301009,H,1000.0,9e-05,2.5612523463667345,0.9732750529908312
laplace,301009,H,1000.0,0.001,2.5612523463667345,0.9732750529908312
laplace,301009,H,1000.0,0.005,2.57211381637591,0.973682423185612
laplace,301007,CP,,,2.6295514459939313,0.9757356556740855
laplace,301007,Oracle,,,2.4256486258311685,0.9676255317627669
laplace,301007,H,2.0,9e-05,3.692453744379677,0.9946030330748272
laplace,301007,H,2.0,0.001,3.582012583647944,0.9936907014686753
laplace,301007,H,2.0,0.005,3.4452759084562747,0.9923446912368781
laplace,301007,H,10.0,9e-05,2.952966845609042,0.984642107416926
laplace,301007,H,10.0,0.001,2.858723316925896,0.9824525262599739
laplace,301007,H,10.0,0.005,2.8061322880060233,0.9810976748280229
laplace,301007,H,50.0,9e-05,2.6408243168031755,0.9761194167050107
laplace,301007,H,50.0,0.001,2.6192156719437483,0.9753783791583077
laplace,301007,H,50.0,0.005,2.6086974661597737,0.9750093953005627
laplace,301007,H,200.0,9e-05,2.5298109227799643,0.9720599159586363
laplace,301007,H,200.0,0.001,2.51929271699599,0.9716412010388678
laplace,301007,H,200.0,0.005,2.5245518198879773,0.9718513370426556
laplace,301007,H,1000.0,9e-05,2.464529613040486,0.9693576182455947
laplace,301007,H,1000.0,0.001,2.464529613040486,0.9693576182455947
laplace,301007,H,1000.0,0.005,2.4750478188244607,0.9698100500441134
laplace,301001,CP,,,2.2267535080279415,0.9571095037882071
laplace,301001,Oracle,,,1.9572131182718875,0.9372073553838784
laplace,301001,H,2.0,9e-05,3.1090250916094724,0.9876836231417843
laplace,301001,H,2.0,0.001,3.02440845830442,0.9861179613777966
laplace,301001,H,2.0,0.005,2.9175242899190907,0.9838526998934911
laplace,301001,H,10.0,9e-05,2.496174230299305,0.970698701617221
laplace,301001,H,10.0,0.001,2.4119135347135643,0.9669905314219336
laplace,301001,H,10.0,0.005,2.362924957536955,0.964622544847352
laplace,301001,H,50.0,9e-05,2.200186952547117,0.9554674202311249
laplace,301001,H,50.0,0.001,2.1779194174668404,0.9540427277340173
laplace,301001,H,50.0,0.005,2.164558896418674,0.953166126628114
laplace,301001,H,200.0,9e-05,2.08007643383429,0.9472226049239751
laplace,301001,H,200.0,0.001,2.0756229268182342,0.9468891528319718
laplace,301001,H,200.0,0.005,2.08007643383429,0.9472226049239751
laplace,301001,H,1000.0,9e-05,2.013273828593459,0.9419934389433826
laplace,301001,H,1000.0,0.001,2.0177273356095142,0.9423576283729556
laplace,301001,H,1000.0,0.005,2.026634349641625,0.9430791619876444
laplace,301010,CP,,,2.810614044012346,0.9812171019179288
laplace,301010,Oracle,,,2.625408764615338,0.975593082473833
laplace,301010,H,2.0,9e-05,3.946704433803819,0.996233024811984
laplace,301010,H,2.0,0.001,3.8230374158672897,0.995513091583182
laplace,301010,H,2.0,0.005,3.676885485578664,0.9944828911833086
laplace,301010,H,10.0,9e-05,3.156298805416399,0.9884801146672915
laplace,301010,H,10.0,0.001,3.055565965342982,0.9867163700000243
laplace,301010,H,10.0,0.005,2.9993536844627413,0.985617263689184
laplace,301010,H,50.0,9e-05,2.8395268133251506,0.9819696229591808
laplace,301010,H,50.0,0.001,2.81142067288503,0.9812385162077846
laplace,301010,H,50.0,0.005,2.800178216708982,0.9809378390524659
laplace,301010,H,200.0,9e-05,2.7264906160981224,0.9788441751961416
laplace,301010,H,200.0,0.001,2.715248159922074,0.9785051256150479
laplace,301010,H,200.0,0.005,2.7208693880100983,0.9786753242306245
laplace,301010,H,1000.0,9e-05,2.6623354698753006,0.9768349575841759
laplace,301010,H,1000.0,0.001,2.6679566979633247,0.9770183807611781
laplace,301010,H,1000.0,0.005,2.673577926051349,0.9772003515746894
laplace,301006,CP,,,2.3402904078305413,0.9634717897972263
laplace,301006,Oracle,,,2.092911759100482,0.9481719719794155
laplace,301006,H,2.0,9e-05,3.281588677195908,0.9903506740269252
laplace,301006,H,2.0,0.001,3.1879770608826967,0.9889848138152608
laplace,301006,H,2.0,0.005,3.0709625404911822,0.9870024821491687
laplace,301006,H,10.0,9e-05,2.6187676753035545,0.975362774869575
laplace,301006,H,10.0,0.001,2.5348913067642425,0.9722599390016757
laplace,301006,H,10.0,0.005,2.488085498607637,0.9703615939347039
laplace,301006,H,50.0,9e-05,2.326411028906558,0.9627477163030085
laplace,301006,H,50.0,0.001,2.303008124828255,0.9614941585948191
laplace,301006,H,50.0,0.005,2.2936469631969336,0.9609810027567023
laplace,301006,H,200.0,9e-05,2.2093965085150433,0.9560436642453953
laplace,301006,H,200.0,0.001,2.2000353468837224,0.9554578712983632
laplace,301006,H,200.0,0.005,2.200176358652407,0.9554667530376997
laplace,301006,H,1000.0,9e-05,2.1440093888644802,0.9517850989644456
laplace,301006,H,1000.0,0.001,2.1440093888644802,0.9517850989644456
laplace,301006,H,1000.0,0.005,2.153370550495801,0.9524191941411193
laplace,301002,CP,,,2.1854793905701446,0.9545314588036111
laplace,301002,Oracle,,,1.906433520508033,0.932532153346411
laplace,301002,H,2.0,9e-05,3.042655661011872,0.9864716108486098
laplace,301002,H,2.0,0.001,2.9596074441702154,0.9847856617044117
laplace,301002,H,2.0,0.005,2.85470443342286,0.9823525101935207
laplace,301002,H,10.0,9e-05,2.432422414455253,0.9679341849474146
laplace,301002,H,10.0,0.001,2.3540944966100223,0.9641779754631641
laplace,301002,H,10.0,0.005,2.3103849087986243,0.961893776827438
laplace,301002,H,50.0,9e-05,2.150663343441005,0.9522366785822414
laplace,301002,H,50.0,0.001,2.1288085495353064,0.950737390932094
laplace,301002,H,50.0,0.005,2.115695673191887,0.9498153218436871
laplace,301002,H,200.0,9e-05,2.032779140141805,0.943571663661471
laplace,301002,H,200.0,0.001,2.028408181360665,0.9432217733350043
laplace,301002,H,200.0,0.005,2.028408181360665,0.9432217733350043
laplace,301002,H,1000.0,9e-05,1.9672147584247077,0.9380892713158622
laplace,301002,H,1000.0,0.001,1.9715857172058475,0.9384707901892659
laplace,301002,H,1000.0,0.005,1.9803276347681271,0.9392267892049395
laplace,301005,CP,,,2.5330010560596525,0.9721856845612844
laplace,301005,Oracle,,,2.315033998337413,0.9621434960052342
laplace,301005,H,2.0,9e-05,3.526480293441865,0.9931752274087318
laplace,301005,H,2.0,0.001,3.4150282469752526,0.9920101178001413
laplace,301005,H,2.0,0.005,3.283312192060165,0.9903741648285835
laplace,301005,H,10.0,9e-05,2.8445414710681063,0.9820970383965986
laplace,301005,H,10.0,0.001,2.75375832322558,0.9796444640697366
laplace,301005,H,10.0,0.005,2.703098302104393,0.9781325987663843
laplace,301005,H,50.0,9e-05,2.5382427914798447,0.9723911078915988
laplace,301005,H,50.0,0.001,2.5179787830313693,0.971588456204528
laplace,301005,H,50.0,0.005,2.507846778807132,0.9711784217312776
laplace,301005,H,200.0,9e-05,2.4217247429011133,0.9674453797014635
laplace,301005,H,200.0,0.001,2.411745362025585,0.966982679777179
laplace,301005,H,200.0,0.005,2.4217247429011133,0.9674453797014635
laplace,301005,H,1000.0,9e-05,2.358840395548649,0.9644175976325144
laplace,301005,H,1000.0,0.001,2.363906397660768,0.9646716134892477
laplace,301005,H,1000.0,0.005,2.3740384018850054,0.9651742180384737
laplace,301008,CP,,,2.3762913622835864,0.9652850022187949
laplace,301008,Oracle,,,2.1369549732143183,0.9513016779980987
laplace,301008,H,2.0,9e-05,3.3083068167389826,0.9907084729939657
laplace,301008,H,2.0,0.001,3.208502579523083,0.9892999606812405
laplace,301008,H,2.0,0.005,3.0896880114089167,0.987342162484729
laplace,301008,H,10.0,9e-05,2.6546797353740197,0.9765827906712392
laplace,301008,H,10.0,0.001,2.573885829056387,0.9737482925790308
laplace,301008,H,10.0,0.005,2.5263600018107204,0.9719232255938222
laplace,301008,H,50.0,9e-05,2.3717036407386236,0.9650590384514555
laplace,301008,H,50.0,0.001,2.34794072711579,0.9638648650603876
laplace,301008,H,50.0,0.005,2.338435561666657,0.9633758450901364
laplace,301008,H,200.0,9e-05,2.2528890726244573,0.9586658515232367
laplace,301008,H,200.0,0.001,2.243383907175324,0.958106472843947
laplace,301008,H,200.0,0.005,2.2481364898998906,0.9583871020994257
laplace,301008,H,1000.0,9e-05,2.186496095449341,0.9545967882143729
laplace,301008,H,1000.0,0.001,2.186496095449341,0.9545967882143729
laplace,301008,H,1000.0,0.005,2.200753843623041,0.9555031079177134
laplace,301011,CP,,,2.3837092231823154,0.9656472742834064
laplace,301011,Oracle,,,2.1452377411372505,0.9518687828906811
laplace,301011,H,2.0,9e-05,3.3377037425468106,0.9910868351619848
laplace,301011,H,2.0,0.001,3.2423553736195285,0.9898001569228767
laplace,301011,H,2.0,0.005,3.1136350755676974,0.987763658604168
laplace,301011,H,10.0,9e-05,2.667353008885554,0.9769987519343808
laplace,301011,H,10.0,0.001,2.586687921765423,0.9742193002985216
laplace,301011,H,10.0,0.005,2.539013737301782,0.9724211929671436
laplace,301011,H,50.0,9e-05,2.3695723436555514,0.9649535637000266
laplace,301011,H,50.0,0.001,2.3505026698700946,0.9639955506146074
laplace,301011,H,50.0,0.005,2.3457352514237306,0.9637519831331782
laplace,301011,H,200.0,9e-05,2.2505305104207722,0.958527750840418
laplace,301011,H,200.0,0.001,2.245763091974408,0.9582471940911985
laplace,301011,H,200.0,0.005,2.2551543009428126,0.9587980542844974
laplace,301011,H,1000.0,9e-05,2.191208857908077,0.9548983877531676
laplace,301011,H,1000.0,0.001,2.1959762763544415,0.9552014467079157
laplace,301011,H,1000.0,0.005,2.212391162849859,0.9562294292353613
laplace,301013,CP,,,2.748317508796026,0.9794872348143442
laplace,301013,Oracle,,,2.5575459915328507,0.9731346043513247
laplace,301013,H,2.0,9e-05,3.853730113163525,0.9957036841034457
laplace,301013,H,2.0,0.001,3.7383007777941044,0.994941855993918
laplace,301013,H,2.0,0.005,3.5898916323191354,0.9937606135944235
laplace,301013,H,10.0,9e-05,3.0808436216241226,0.9871828457979637
laplace,301013,H,10.0,0.001,2.987840133981932,0.9853811580777143
laplace,301013,H,10.0,0.005,2.9328737838060177,0.9841994397669045
laplace,301013,H,50.0,9e-05,2.771092799018203,0.9801374060868322
laplace,301013,H,50.0,0.001,2.743609623930246,0.9793502060951484
laplace,301013,H,50.0,0.005,2.732616353895063,0.9790266586754213
laplace,301013,H,200.0,9e-05,2.6605620199421565,0.9767767858840097
laplace,301013,H,200.0,0.001,2.6495687499069738,0.9764129173127483
laplace,301013,H,200.0,0.005,2.655065384924565,0.9765955587202426
laplace,301013,H,1000.0,9e-05,2.597828855984916,0.9746223090729893
laplace,301013,H,1000.0,0.001,2.597828855984916,0.9746223090729893
laplace,301013,H,1000.0,0.005,2.6088221260200988,0.9750138006475075
laplace,301014,CP,,,2.8379872229131746,0.9819303224762828
laplace,301014,Oracle,,,2.6562173376343527,0.9766336560220463
laplace,301014,H,2.0,9e-05,3.985142243066659,0.9964323287541688
laplace,301014,H,2.0,0.001,3.860270805258493,0.9957432415144412
laplace,301014,H,2.0,0.005,3.7126954696670245,0.994755336975339
laplace,301014,H,10.0,9e-05,3.18136270863154,0.9888812931720723
laplace,301014,H,10.0,0.001,3.0853247840576334,0.9872638153783706
laplace,301014,H,10.0,0.005,3.028565039599376,0.9861993247040961
laplace,301014,H,50.0,9e-05,2.872857554394105,0.9827997974004783
laplace,301014,H,50.0,0.001,2.850153656610802,0.9822385687457724
laplace,301014,H,50.0,0.005,2.8388017077191505,0.9819511241504191
laplace,301014,H,200.0,9e-05,2.7530444987149405,0.9796239047744635
laplace,301014,H,200.0,0.001,2.7473685242691146,0.9794596868319683
laplace,301014,H,200.0,0.005,2.7473685242691146,0.9794596868319683
laplace,301014,H,1000.0,9e-05,2.6939405060740813,0.9778475504605328
laplace,301014,H,1000.0,0.001,2.6996164805199068,0.9780246572872322
laplace,301014,H,1000.0,0.005,2.7052924549657327,0.9782003481609007
laplace,301012,CP,,,2.0793694337904487,0.9471698091060896
laplace,301012,Oracle,,,1.7764562833059,0.9189175360561528
laplace,301012,H,2.0,9e-05,2.874134167419253,0.9828308226906519
laplace,301012,H,2.0,0.001,2.799276867802805,0.9809135250255612
laplace,301012,H,2.0,0.005,2.7077846127160354,0.9782770445621005
laplace,301012,H,10.0,9e-05,2.310164077677268,0.9618818743052546
laplace,301012,H,10.0,0.001,2.235639157020234,0.9576451023012527
laplace,301012,H,10.0,0.005,2.1898930294768495,0.9548143817205699
laplace,301012,H,50.0,9e-05,2.0337675677223728,0.9436504867768749
laplace,301012,H,50.0,0.001,2.0129738733844706,0.9419688272983779
laplace,301012,H,50.0,0.005,2.0046563956493095,0.9412821942049887
laplace,301012,H,200.0,9e-05,1.9132894308088386,0.933183141785259
laplace,301012,H,200.0,0.001,1.909130691941258,0.9327890109226866
laplace,301012,H,200.0,0.005,1.917448169676419,0.9335749614314817
laplace,301012,H,1000.0,9e-05,1.8425908700599711,0.9261572168851753
laplace,301012,H,1000.0,0.001,1.850908347795132,0.927020718133359
laplace,301012,H,1000.0,0.005,1.8633845643978733,0.9282970739716783
laplace,301017,CP,,,2.6308390300779427,0.9757797988738512
laplace,301017,Oracle,,,2.4270052966432734,0.9676875865893306
laplace,301017,H,2.0,9e-05,3.694261788363549,0.9946168152773398
laplace,301017,H,2.0,0.001,3.578504871040132,0.9936593254585571
laplace,301017,H,2.0,0.005,3.4417012414760944,0.9923058930424988
laplace,301017,H,10.0,9e-05,2.954412793022169,0.9846734803525334
laplace,301017,H,10.0,0.001,2.865384795187365,0.9826170604393498
laplace,301017,H,10.0,0.005,2.8075063365256567,0.9811343701248108
laplace,301017,H,50.0,9e-05,2.6473790988123582,0.9763397635372673
laplace,301017,H,50.0,0.001,2.621070708511582,0.9754428873055738
laplace,301017,H,50.0,0.005,2.6099748389004915,0.9750544995223587
laplace,301017,H,200.0,9e-05,2.531049667998162,0.9721088199541617
laplace,301017,H,200.0,0.001,2.5205263118778514,0.971690631722606
laplace,301017,H,200.0,0.005,2.525787989938007,0.9719005037837198
laplace,301017,H,1000.0,9e-05,2.465736392664121,0.9694098692863009
laplace,301017,H,1000.0,0.001,2.4709980707242765,0.9696366498248041
laplace,301017,H,1000.0,0.005,2.481521426844587,0.970085179639721
laplace,301016,CP,,,2.654907728400111,0.9765903398843558
laplace,301016,Oracle,,,2.452248769305509,0.9688207811275418
laplace,301016,H,2.0,9e-05,3.7280593987420914,0.9948680632813001
laplace,301016,H,2.0,0.001,3.616553274149299,0.9939914912500185
laplace,301016,H,2.0,0.005,3.4784980722725085,0.992696043932018
laplace,301016,H,10.0,9e-05,2.9814417634082053,0.9852482768197086
laplace,301016,H,10.0,0.001,2.8915992771164434,0.9832496967206699
laplace,301016,H,10.0,0.005,2.8331913070916475,0.9818073492480162
laplace,301016,H,50.0,9e-05,2.6662893014354334,0.976964124899991
laplace,301016,H,50.0,0.001,2.6444722883760594,0.976242299644138
laplace,301016,H,50.0,0.005,2.634430408694636,0.9759025008385425
laplace,301016,H,200.0,9e-05,2.559515241067265,0.9732093187642976
laplace,301016,H,200.0,0.001,2.5488956101536657,0.9728039283557053
laplace,301016,H,200.0,0.005,2.554205425610465,0.9730073845971601
laplace,301016,H,1000.0,9e-05,2.4936044356287685,0.9705920199754081
laplace,301016,H,1000.0,0.001,2.4936044356287685,0.9705920199754081
laplace,301016,H,1000.0,0.005,2.5095338819991677,0.9712471058626431
laplace,301018,CP,,,3.374288472002884,0.9915362633668003
laplace,301018,Oracle,,,3.2273765465785327,0.989581786255838
laplace,301018,H,2.0,9e-05,4.778715588081438,0.9988385945302138
laplace,301018,H,2.0,0.001,4.610001164481313,0.9985256324626228
laplace,301018,H,2.0,0.005,4.4007952792171565,0.9980180307723368
laplace,301018,H,10.0,9e-05,3.756097505297228,0.9950675725739015
laplace,301018,H,10.0,0.001,3.6548688511371528,0.9943084069590036
laplace,301018,H,10.0,0.005,3.594131658641108,0.9937979148974383
laplace,301018,H,50.0,9e-05,3.4427426413952795,0.9923172162897298
laplace,301018,H,50.0,0.001,3.4224969105632645,0.9920940650976644
laplace,301018,H,50.0,0.005,3.4089997566752546,0.991941708277422
laplace,301018,H,200.0,9e-05,3.334765410291199,0.991049720074269
laplace,301018,H,200.0,0.001,3.3212682564031892,0.990877237476498
laplace,301018,H,200.0,0.005,3.3280168333471942,0.9909638903126783
laplace,301018,H,1000.0,9e-05,3.263758094252054,0.990104260432616
laplace,301018,H,1000.0,0.001,3.263758094252054,0.990104260432616
laplace,301018,H,1000.0,0.005,3.277255248140064,0.9902913575825254
laplace,301020,CP,,,2.4388292478285054,0.9682234091983339
laplace,301020,Oracle,,,2.207864560446186,0.9559483295335627
laplace,301020,H,2.0,9e-05,3.40512827230931,0.9918974672769449
laplace,301020,H,2.0,0.001,3.297819785404868,0.9905696443356105
laplace,301020,H,2.0,0.005,3.1710006645177993,0.9887171583583814
laplace,301020,H,10.0,9e-05,2.7241542507188474,0.9787741582120797
laplace,301020,H,10.0,0.001,2.646501551973795,0.976310382041554
laplace,301020,H,10.0,0.005,2.59772496701723,0.9746185802786003
laplace,301020,H,50.0,9e-05,2.434120789235281,0.9680111102759008
laplace,301020,H,50.0,0.001,2.4097324967569986,0.9668885580672373
laplace,301020,H,50.0,0.005,2.4048548382613424,0.966659364071718
laplace,301020,H,200.0,9e-05,2.317056985339526,0.9622516462480724
laplace,301020,H,200.0,0.001,2.3121793268438693,0.9619903560258514
laplace,301020,H,200.0,0.005,2.317056985339526,0.9622516462480724
laplace,301020,H,1000.0,9e-05,2.251632891149772,0.9585923557778977
laplace,301020,H,1000.0,0.001,2.2565105496454287,0.958877004920305
laplace,301020,H,1000.0,0.005,2.271143525132398,0.9597192654555324
laplace,301015,CP,,,2.1950283117722607,0.9551413484000597
laplace,301015,Oracle,,,1.9192853579524478,0.9337473214030092
laplace,301015,H,2.0,9e-05,3.0427796357932264,0.9864739825301054
laplace,301015,H,2.0,0.001,2.9593685599458897,0.9847805209258336
laplace,301015,H,2.0,0.005,2.8627873142279205,0.9825530886494893
laplace,301015,H,10.0,9e-05,2.465000576319446,0.9693780205837714
laplace,301015,H,10.0,0.001,2.3819403670445882,0.9655612319799645
laplace,301015,H,10.0,0.005,2.3336497441856037,0.9631271259201435
laplace,301015,H,50.0,9e-05,2.1644502010078153,0.9531589268408602
laplace,301015,H,50.0,0.001,2.142499917890095,0.9516820639885839
laplace,301015,H,50.0,0.005,2.129329748019463,0.9507736883310414
laplace,301015,H,200.0,9e-05,2.046050931324033,0.9446208979874622
laplace,301015,H,200.0,0.001,2.037270818076945,0.9439289712352918
laplace,301015,H,200.0,0.005,2.041660874700489,0.9442760085608657
laplace,301015,H,1000.0,9e-05,1.9758100253473285,0.9388372744415823
laplace,301015,H,1000.0,0.001,1.9758100253473285,0.9388372744415823
laplace,301015,H,1000.0,0.005,1.9889801952179607,0.9399659133576939
laplace,301023,CP,,,2.5841946892591725,0.9741282380527512
laplace,301023,Oracle,,,2.3767261647133644,0.9653063420305601
laplace,301023,H,2.0,9e-05,3.6235947485696602,0.9940510279435462
laplace,301023,H,2.0,0.001,3.499553403485234,0.9929103257568854
laplace,301023,H,2.0,0.005,3.370343669022289,0.9914889139712479
laplace,301023,H,10.0,9e-05,2.902031542910877,0.9834950074725066
laplace,301023,H,10.0,0.001,2.8094136073724556,0.981185187602017
laplace,301023,H,10.0,0.005,2.757729713587278,0.9797584683357394
laplace,301023,H,50.0,9e-05,2.5952731159324114,0.9745304189429855
laplace,301023,H,50.0,0.001,2.5745995584183405,0.9737747767848373
laplace,301023,H,50.0,0.005,2.5642627796613047,0.9733885898054138
laplace,301023,H,200.0,9e-05,2.481006186683729,0.970063373974495
laplace,301023,H,200.0,0.001,2.4758377973052115,0.9698437593708145
laplace,301023,H,200.0,0.005,2.481006186683729,0.970063373974495
laplace,301023,H,1000.0,9e-05,2.4168509049174594,0.9672202170783246
laplace,301023,H,1000.0,0.001,2.422019294295977,0.9674589377837202
laplace,301023,H,1000.0,0.005,2.4323560730530125,0.9679311763623091
laplace,301021,CP,,,3.2465728195132093,0.9898608114896581
laplace,301021,Oracle,,,3.093386529147948,0.9874081963817414
laplace,301021,H,2.0,9e-05,4.571870272071063,0.9984439441245108
laplace,301021,H,2.0,0.001,4.416034776734446,0.9980602889749641
laplace,301021,H,2.0,0.005,4.227733553202701,0.9974684363635804
laplace,301021,H,10.0,9e-05,3.6269168041310533,0.9940789112350688
laplace,301021,H,10.0,0.001,3.523026473906642,0.9931418106826866
laplace,301021,H,10.0,0.005,3.4645881631554105,0.9925509410378304
laplace,301021,H,50.0,9e-05,3.312436022252301,0.990762573478982
laplace,301021,H,50.0,0.001,3.286463439696198,0.9904169672743939
laplace,301021,H,50.0,0.005,3.2734771484181464,0.9902393450903655
laplace,301021,H,200.0,9e-05,3.195559400749838,0.9891022991578513
laplace,301021,H,200.0,0.001,3.1890662551108124,0.9890017680320002
laplace,301021,H,200.0,0.005,3.1890662551108124,0.9890017680320002
laplace,301021,H,1000.0,9e-05,3.127239687082193,0.987996833371086
laplace,301021,H,1000.0,0.001,3.127239687082193,0.987996833371086
laplace,301021,H,1000.0,0.005,3.140225978360244,0.9882152642747113
laplace,301019,CP,,,2.370884976281823,0.9650185615540912
laplace,301019,Oracle,,,2.1290249905040737,0.9507524676014552
laplace,301019,H,2.0,9e-05,3.333972358501217,0.9910396763049614
laplace,301019,H,2.0,0.001,3.2343951894973912,0.9896846844655396
laplace,301019,H,2.0,0.005,3.1063674007781867,0.987637244413313
laplace,301019,H,10.0,9e-05,2.653002771354882,0.9765271888566158
laplace,301019,H,10.0,0.001,2.568029888771785,0.9735299850322008
laplace,301019,H,10.0,0.005,2.515870419293591,0.9715036157488948
laplace,301019,H,50.0,9e-05,2.3615659224746977,0.9645544852046612
laplace,301019,H,50.0,0.001,2.3331153027593188,0.9630992463395738
laplace,301019,H,50.0,0.005,2.3236317628541925,0.9626010089795838
laplace,301019,H,200.0,9e-05,2.2430216736606194,0.9580850063163944
laplace,301019,H,200.0,0.001,2.233538133755493,0.9575190662277691
laplace,301019,H,200.0,0.005,2.2336809889681346,0.9575276476896002
laplace,301019,H,1000.0,9e-05,2.179420254192879,0.9541401687662234
laplace,301019,H,1000.0,0.001,2.179420254192879,0.9541401687662234
laplace,301019,H,1000.0,0.005,2.1889037940980054,0.9547511232497556
laplace,301024,CP,,,3.193270760205488,0.9890669702281132
laplace,301024,Oracle,,,3.036580044529882,0.986354871154894
laplace,301024,H,2.0,9e-05,4.503196091427947,0.9982852380051757
laplace,301024,H,2.0,0.001,4.3499190949381,0.9978701731194204
laplace,301024,H,2.0,0.005,4.158322849325792,0.9972073283766725
laplace,301024,H,10.0,9e-05,3.5609837360593146,0.9935002495486991
laplace,301024,H,10.0,0.001,3.4587990717327504,0.9924897051783625
laplace,301024,H,10.0,0.005,3.4013201980490577,0.9918537139424739
laplace,301024,H,50.0,9e-05,3.2516660828761794,0.9899335812868024
laplace,301024,H,50.0,0.001,3.2261199167945382,0.9895632551400817
laplace,301024,H,50.0,0.005,3.219733375274128,0.9894685641755967
laplace,301024,H,200.0,9e-05,3.1367083355087946,0.9881564927065767
laplace,301024,H,200.0,0.001,3.1303217939883843,0.9880490384051108
laplace,301024,H,200.0,0.005,3.1367083355087946,0.9881564927065767
laplace,301024,H,1000.0,9e-05,3.07589683277489,0.9870928649693782
laplace,301024,H,1000.0,0.001,3.07589683277489,0.9870928649693782
laplace,301024,H,1000.0,0.005,3.0886699158157107,0.987323924545719
laplace,301025,CP,,,2.2949843556567213,0.9610547319248146
laplace,301025,Oracle,,,2.040104851655173,0.944153250174754
laplace,301025,H,2.0,9e-05,3.2088799455157018,0.9893056695130755
laplace,301025,H,2.0,0.001,3.117080571289443,0.9878231371910315
laplace,301025,H,2.0,0.005,3.00233135350662,0.985677702908077
laplace,301025,H,10.0,9e-05,2.568070537661393,0.9735315066493295
laplace,301025,H,10.0,0.001,2.4904079137188466,0.9704587783640972
laplace,301025,H,10.0,0.005,2.4399182578944045,0.9682723104313031
laplace,301025,H,50.0,9e-05,2.2813736698246574,0.9602978360297165
laplace,301025,H,50.0,0.001,2.263013794979406,0.9592534783286726
laplace,301025,H,50.0,0.005,2.25383385755678,0.9587210423433166
laplace,301025,H,200.0,9e-05,2.157444514619208,0.9526925406350366
laplace,301025,H,200.0,0.001,2.1528545459078954,0.9523844598192068
laplace,301025,H,200.0,0.005,2.157444514619208,0.9526925406350366
laplace,301025,H,1000.0,9e-05,2.0933232345603776,0.9482021226702251
laplace,301025,H,1000.0,0.001,2.0979132032716903,0.9485372639338845
laplace,301025,H,1000.0,0.005,2.111683109405629,0.9495297332212171
laplace,301022,CP,,,2.9755172933261447,0.9851241607845653
laplace,301022,Oracle,,,2.804276843081241,0.9810480100826251
laplace,301022,H,2.0,9e-05,4.184214969276736,0.9973077380293693
laplace,301022,H,2.0,0.001,4.041390139197097,0.9967051305936356
laplace,301022,H,2.0,0.005,3.874761170770851,0.995829585295771
laplace,301022,H,10.0,9e-05,3.323630832260644,0.9909076674659527
laplace,301022,H,10.0,0.001,3.2288899035158054,0.989604059576797
laplace,301022,H,10.0,0.005,3.175330592235941,0.9887860370877497
laplace,301022,H,50.0,9e-05,3.0180284905195247,0.9859921420253068
laplace,301022,H,50.0,0.001,2.994224352172918,0.9855125524057486
laplace,301022,H,50.0,0.005,2.9823222829996148,0.9852666348635382
laplace,301022,H,200.0,9e-05,2.9049588333731435,0.9835631938327396
laplace,301022,H,200.0,0.001,2.8930567641998404,0.9832841868545854
laplace,301022,H,200.0,0.005,2.8930567641998404,0.9832841868545854
laplace,301022,H,1000.0,9e-05,2.8423431149542204,0.9820412924624571
laplace,301022,H,1000.0,0.001,2.8423431149542204,0.9820412924624571
laplace,301022,H,1000.0,0.005,2.8542451841275236,0.9823410448393242
laplace,301027,CP,,,2.4933461020841956,0.97058127413639
laplace,301027,Oracle,,,2.271772469978992,0.9597550777224242
laplace,301027,H,2.0,9e-05,3.4862321760438486,0.9927754969181148
laplace,301027,H,2.0,0.001,3.3864983319604915,0.9916811551173899
laplace,301027,H,2.0,0.005,3.261831026856296,0.990077254941413
laplace,301027,H,10.0,9e-05,2.800009250741299,0.9809332835293041
laplace,301027,H,10.0,0.001,2.7106473425547257,0.9783648124095916
laplace,301027,H,10.0,0.005,2.6607804205130474,0.9767839576155788
laplace,301027,H,50.0,9e-05,2.4985057764344396,0.970795157800358
laplace,301027,H,50.0,0.001,2.4735723154136005,0.9697469875992806
laplace,301027,H,50.0,0.005,2.4635989310052646,0.9693172607057245
laplace,301027,H,200.0,9e-05,2.3838118557385792,0.9656522600257196
laplace,301027,H,200.0,0.001,2.3738384713302434,0.9651643698478984
laplace,301027,H,200.0,0.005,2.3738384713302434,0.9651643698478984
laplace,301027,H,1000.0,9e-05,2.316925291057737,0.9622446151950141
laplace,301027,H,1000.0,0.001,2.319135091065027,0.9623624214724824
laplace,301027,H,1000.0,0.005,2.3268986754660723,0.9627733979764876
laplace,301026,CP,,,2.1624709733864207,0.9530276326456728
laplace,301026,Oracle,,,1.8785569689369255,0.9298192163891872
laplace,301026,H,2.0,9e-05,2.997648187736377,0.9855825315720588
laplace,301026,H,2.0,0.001,2.9197992326944746,0.9839045663956918
laplace,301026,H,2.0,0.005,2.8203255679187103,0.9814733060087466
laplace,301026,H,10.0,9e-05,2.415464100019265,0.967155865028519
laplace,301026,H,10.0,0.001,2.337960807388388,0.9633512472316372
laplace,301026,H,10.0,0.005,2.290386445973892,0.9608006680715211
laplace,301026,H,50.0,9e-05,2.132346406612282,0.950983250262678
laplace,301026,H,50.0,0.001,2.106396754931648,0.9491510018406673
laplace,301026,H,50.0,0.005,2.0934219290913307,0.9482093518619035
laplace,301026,H,200.0,9e-05,2.002728445652397,0.9411218797157903
laplace,301026,H,200.0,0.001,1.9984035037056245,0.9407606545066729
laplace,301026,H,200.0,0.005,1.9984035037056245,0.9407606545066729
laplace,301026,H,1000.0,9e-05,1.9421792583975837,0.9358580220887145
laplace,301026,H,1000.0,0.001,1.9421792583975837,0.9358580220887145
laplace,301026,H,1000.0,0.005,1.9508291422911284,0.936637877368002
laplace,301028,CP,,,2.916972307956166,0.9838400900608701
laplace,301028,Oracle,,,2.7433801183163915,0.9793435027047364
laplace,301028,H,2.0,9e-05,4.107722118242497,0.9970001600150258
laplace,301028,H,2.0,0.001,3.967707447460616,0.996343268940199
laplace,301028,H,2.0,0.005,3.8043569982150887,0.9953929763658287
laplace,301028,H,10.0,9e-05,3.2582365161575777,0.9900266851774089
laplace,301028,H,10.0,0.001,3.1653596687607943,0.988626788682812
laplace,301028,H,10.0,0.005,3.112854167217589,0.9877501376766984
laplace,301028,H,50.0,9e-05,2.9528131286892187,0.9846387684239675
laplace,301028,H,50.0,0.001,2.9353112948414837,0.9842538130739029
laplace,301028,H,50.0,0.005,2.929477350225572,0.9841233626498305
laplace,301028,H,200.0,9e-05,2.836134236370985,0.9818829084509124
laplace,301028,H,200.0,0.001,2.836134236370985,0.9818829084509124
laplace,301028,H,200.0,0.005,2.8419681809868966,0.9820317675716075
laplace,301028,H,1000.0,9e-05,2.780584462236397,0.9804022449548531
laplace,301028,H,1000.0,0.001,2.7864184068523086,0.9805632699502675
laplace,301028,H,1000.0,0.005,2.798086296084132,0.9808813616254026
trunc_laplace,302000,CP,,,2.872597389147177,1.0
trunc_laplace,302000,Oracle,,,2.692123365738688,1.0
trunc_laplace,302000,H,2.0,9e-05,4.0509779177702,1.0
trunc_laplace,302000,H,2.0,0.001,3.9188384378694447,1.0
trunc_laplace,302000,H,2.0,0.005,3.7579729840772202,1.0
trunc_laplace,302000,H,10.0,9e-05,3.214415254486965,1.0
trunc_laplace,302000,H,10.0,0.001,3.1229513113372414,1.0
trunc_laplace,302000,H,10.0,0.005,3.0654993635543044,1.0
trunc_laplace,302000,H,50.0,9e-05,2.9136381703051706,1.0
trunc_laplace,302000,H,50.0,0.001,2.884912196413702,1.0
trunc_laplace,302000,H,50.0,0.005,2.8791670016354085,1.0
trunc_laplace,302000,H,200.0,9e-05,2.786618761129104,1.0
trunc_laplace,302000,H,200.0,0.001,2.78087356635081,1.0
trunc_laplace,302000,H,200.0,0.005,2.786618761129104,1.0
trunc_laplace,302000,H,1000.0,9e-05,2.732539171081895,1.0
trunc_laplace,302000,H,1000.0,0.001,2.732539171081895,1.0
trunc_laplace,302000,H,1000.0,0.005,2.7440295606384826,1.0
laplace,301029,CP,,,3.153030037069869,0.9884267379944724
laplace,301029,Oracle,,,2.996727641874127,0.9855637499904975
laplace,301029,H,2.0,9e-05,4.4464480481994135,0.9981419488960486
laplace,301029,H,2.0,0.001,4.301408666494215,0.9977189296022022
laplace,301029,H,2.0,0.005,4.118532924344183,0.9970456751124841
laplace,301029,H,10.0,9e-05,3.5287213149068783,0.993196822805102
laplace,301029,H,10.0,0.001,3.427824353720654,0.9921534057157251
laplace,301029,H,10.0,0.005,3.3647637529792633,0.9914214856541956
laplace,301029,H,50.0,9e-05,3.2169955379592396,0.9894277086066678
laplace,301029,H,50.0,0.001,3.1917712976626835,0.9890437614805336
laplace,301029,H,50.0,0.005,3.1791591775144052,0.9888465903072523
laplace,301029,H,200.0,9e-05,3.0971803965505975,0.9874755747578938
laplace,301029,H,200.0,0.001,3.0845682764023197,0.9872501821091968
laplace,301029,H,200.0,0.005,3.0845682764023197,0.9872501821091968
laplace,301029,H,1000.0,9e-05,3.0308291636371165,0.9862434431739044
laplace,301029,H,1000.0,0.001,3.0308291636371165,0.9862434431739044
laplace,301029,H,1000.0,0.005,3.0371352237112554,0.9863655803130065
trunc_laplace,302003,CP,,,2.855765502397536,1.0
trunc_laplace,302003,Oracle,,,2.6750936644298475,1.0
trunc_laplace,302003,H,2.0,9e-05,4.027241350371367,1.0
trunc_laplace,302003,H,2.0,0.001,3.8958761372610944,1.0
trunc_laplace,302003,H,2.0,0.005,3.730241738122056,1.0
trunc_laplace,302003,H,10.0,9e-05,3.201292028580035,1.0
trunc_laplace,302003,H,10.0,0.001,3.1046524842911456,1.0
trunc_laplace,302003,H,10.0,0.005,3.047537174243201,1.0
trunc_laplace,302003,H,50.0,9e-05,2.8908542754886946,1.0
trunc_laplace,302003,H,50.0,0.001,2.8680081514695166,1.0
trunc_laplace,302003,H,50.0,0.005,2.856585089459928,1.0
trunc_laplace,302003,H,200.0,9e-05,2.7702906632275477,1.0
trunc_laplace,302003,H,200.0,0.001,2.764579132222753,1.0
trunc_laplace,302003,H,200.0,0.005,2.7702906632275477,1.0
trunc_laplace,302003,H,1000.0,9e-05,2.7108164196950257,1.0
trunc_laplace,302003,H,1000.0,0.001,2.7108164196950257,1.0
trunc_laplace,302003,H,1000.0,0.005,2.7222394817046145,1.0
trunc_laplace,302001,CP,,,2.6087188816731923,1.0
trunc_laplace,302001,Oracle,,,2.402447597581957,0.9842098566929256
trunc_laplace,302001,H,2.0,9e-05,3.657982921880948,1.0
trunc_laplace,302001,H,2.0,0.001,3.5588516043773777,1.0
trunc_laplace,302001,H,2.0,0.005,3.4284156602937323,1.0
trunc_laplace,302001,H,10.0,9e-05,2.929572029796679,1.0
trunc_laplace,302001,H,10.0,0.001,2.836075143426273,1.0
trunc_laplace,302001,H,10.0,0.005,2.783900765792815,1.0
trunc_laplace,302001,H,50.0,9e-05,2.6199024434078524,1.0
trunc_laplace,302001,H,50.0,0.001,2.5932475548054907,0.9999916584627813
trunc_laplace,302001,H,50.0,0.005,2.5880301170421447,0.9996005599933158
trunc_laplace,302001,H,200.0,9e-05,2.5097685505919576,0.9934713428994559
trunc_laplace,302001,H,200.0,0.001,2.499333675065266,0.992615656509301
trunc_laplace,302001,H,200.0,0.005,2.504551112828612,0.993044663871804
trunc_laplace,302001,H,1000.0,9e-05,2.445004430613555,0.9880068790183598
trunc_laplace,302001,H,1000.0,0.001,2.445004430613555,0.9880068790183598
trunc_laplace,302001,H,1000.0,0.005,2.4554393061402466,0.9889124557312823
trunc_laplace,302005,CP,,,2.6062106067476343,1.0
trunc_laplace,302005,Oracle,,,2.3992534109969728,0.9839180057764507
trunc_laplace,302005,H,2.0,9e-05,3.6492533616972365,1.0
trunc_laplace,302005,H,2.0,0.001,3.5450049374273425,1.0
trunc_laplace,302005,H,2.0,0.005,3.41990682830347,1.0
trunc_laplace,302005,H,10.0,9e-05,2.926755255587477,1.0
trunc_laplace,302005,H,10.0,0.001,2.8333482661765896,1.0
trunc_laplace,302005,H,10.0,0.005,2.7812240540416426,1.0
trunc_laplace,302005,H,50.0,9e-05,2.611603840365594,1.0
trunc_laplace,302005,H,50.0,0.001,2.590754155511615,0.9998050190857306
trunc_laplace,302005,H,50.0,0.005,2.5803293130846257,0.9990194056907908
trunc_laplace,302005,H,200.0,9e-05,2.5073554160957,0.9932742867623263
trunc_laplace,302005,H,200.0,0.001,2.4969305736687106,0.992417273187916
trunc_laplace,302005,H,200.0,0.005,2.5021429948822056,0.9928469448271171
trunc_laplace,302005,H,1000.0,9e-05,2.4426535666131177,0.9878014984497663
trunc_laplace,302005,H,1000.0,0.001,2.4426535666131177,0.9878014984497663
trunc_laplace,302005,H,1000.0,0.005,2.4582908302536017,0.9891582115066966
trunc_laplace,302006,CP,,,2.707140666386823,1.0
trunc_laplace,302006,Oracle,,,2.512772689259274,0.9937159682659216
trunc_laplace,302006,H,2.0,9e-05,3.8014056372204506,1.0
trunc_laplace,302006,H,2.0,0.001,3.6877057292322166,1.0
trunc_laplace,302006,H,2.0,0.005,3.5469344145801176,1.0
trunc_laplace,302006,H,10.0,9e-05,3.045513248180941,1.0
trunc_laplace,302006,H,10.0,0.001,2.9484889098928946,1.0
trunc_laplace,302006,H,10.0,0.005,2.894346096565164,1.0
trunc_laplace,302006,H,50.0,9e-05,2.7241604430374844,1.0
trunc_laplace,302006,H,50.0,0.001,2.6970890363736193,1.0
trunc_laplace,302006,H,50.0,0.005,2.6910856370692695,1.0
trunc_laplace,302006,H,200.0,9e-05,2.615285698410447,1.0
trunc_laplace,302006,H,200.0,0.001,2.6044571357449007,1.0
trunc_laplace,302006,H,200.0,0.005,2.609871417077674,1.0
trunc_laplace,302006,H,1000.0,9e-05,2.553492438084366,0.9969572428268152
trunc_laplace,302006,H,1000.0,0.001,2.553492438084366,0.9969572428268152
trunc_laplace,302006,H,1000.0,0.005,2.564321000749912,0.9977962694994649
trunc_laplace,302008,CP,,,2.8415359005511505,1.0
trunc_laplace,302008,Oracle,,,2.660384057586602,1.0
trunc_laplace,302008,H,2.0,9e-05,4.001491490555992,1.0
trunc_laplace,302008,H,2.0,0.001,3.8764639109317556,1.0
trunc_laplace,302008,H,2.0,0.005,3.7173379005009086,1.0
trunc_laplace,302008,H,10.0,9e-05,3.1796576782434727,1.0
trunc_laplace,302008,H,10.0,0.001,3.083499665871925,1.0
trunc_laplace,302008,H,10.0,0.005,3.0323520196620097,1.0
trunc_laplace,302008,H,50.0,9e-05,2.8764498346123024,1.0
trunc_laplace,302008,H,50.0,0.001,2.8537175474078955,1.0
trunc_laplace,302008,H,50.0,0.005,2.8423514038056923,1.0
trunc_laplace,302008,H,200.0,9e-05,2.756486962222198,1.0
trunc_laplace,302008,H,200.0,0.001,2.745120818619995,1.0
trunc_laplace,302008,H,200.0,0.005,2.7508038904210963,1.0
trunc_laplace,302008,H,1000.0,9e-05,2.6973090647324,1.0
trunc_laplace,302008,H,1000.0,0.001,2.6973090647324,1.0
trunc_laplace,302008,H,1000.0,0.005,2.7086752083346033,1.0
trunc_laplace,302002,CP,,,2.385542796359003,0.9826541717029611
trunc_laplace,302002,Oracle,,,2.1461062166755425,0.9574028204739546
trunc_laplace,302002,H,2.0,9e-05,3.335500052337114,1.0
trunc_laplace,302002,H,2.0,0.001,3.235307254890047,1.0
trunc_laplace,302002,H,2.0,0.005,3.11603011507211,1.0
trunc_laplace,302002,H,10.0,9e-05,2.6602439120950767,1.0
trunc_laplace,302002,H,10.0,0.001,2.583906542611597,0.9992899480362367
trunc_laplace,302002,H,10.0,0.005,2.536195686684422,0.995597228994455
trunc_laplace,302002,H,50.0,9e-05,2.376166128194639,0.9817793715097876
trunc_laplace,302002,H,50.0,0.001,2.3523107002310515,0.9795148110658563
trunc_laplace,302002,H,50.0,0.005,2.347539614638334,0.9790550979188495
trunc_laplace,302002,H,200.0,9e-05,2.256888988376702,0.9698714674547673
trunc_laplace,302002,H,200.0,0.001,2.2474905555956384,0.9688687013870056
trunc_laplace,302002,H,200.0,0.005,2.2522616411883556,0.9693789809544215
trunc_laplace,302002,H,1000.0,9e-05,2.1976654434549445,0.9633852568519683
trunc_laplace,302002,H,1000.0,0.001,2.1997796996684635,0.9636237743683529
trunc_laplace,302002,H,1000.0,0.005,2.211978700233097,0.96498976547772
trunc_laplace,302009,CP,,,2.5311714288348623,0.995197559584613
trunc_laplace,302009,Oracle,,,2.3125788202669186,0.9756157690829621
trunc_laplace,302009,H,2.0,9e-05,3.5492447745432636,1.0
trunc_laplace,302009,H,2.0,0.001,3.442935574532211,1.0
trunc_laplace,302009,H,2.0,0.005,3.316377003090482,1.0
trunc_laplace,302009,H,10.0,9e-05,2.83742447035506,1.0
trunc_laplace,302009,H,10.0,0.001,2.746706896633969,1.0
trunc_laplace,302009,H,10.0,0.005,2.696083468057277,1.0
trunc_laplace,302009,H,50.0,9e-05,2.5262846923502837,0.9948068152630611
trunc_laplace,302009,H,50.0,0.001,2.5009729780619376,0.9927507009306198
trunc_laplace,302009,H,50.0,0.005,2.4959106352042686,0.9923329237407756
trunc_laplace,302009,H,200.0,9e-05,2.419975492339231,0.9857941767979184
trunc_laplace,302009,H,200.0,0.001,2.410003319730313,0.9848963603889707
trunc_laplace,302009,H,200.0,0.005,2.419975492339231,0.9857941767979184
trunc_laplace,302009,H,1000.0,9e-05,2.3571365673578533,0.9799774811542612
trunc_laplace,302009,H,1000.0,0.001,2.3571365673578533,0.9799774811542612
trunc_laplace,302009,H,1000.0,0.005,2.3723235959308604,0.9814184020239725
trunc_laplace,302007,CP,,,2.3422147428156355,0.9785393165269114
trunc_laplace,302007,Oracle,,,2.0965246357249248,0.951338306111343
trunc_laplace,302007,H,2.0,9e-05,3.2702337187740778,1.0
trunc_laplace,302007,H,2.0,0.001,3.171860699575832,1.0
trunc_laplace,302007,H,2.0,0.005,3.0641188214063244,1.0
trunc_laplace,302007,H,10.0,9e-05,2.6162365624484405,1.0
trunc_laplace,302007,H,10.0,0.001,2.5369756549326135,0.99565908627154
trunc_laplace,302007,H,10.0,0.005,2.4948157895619367,0.9922422795125514
trunc_laplace,302007,H,50.0,9e-05,2.333008380872943,0.9776407775491718
trunc_laplace,302007,H,50.0,0.001,2.31427066293042,0.9757851106723738
trunc_laplace,302007,H,50.0,0.005,2.309586233444789,0.9753154993629818
trunc_laplace,302007,H,200.0,9e-05,2.206669912478404,0.9643974460067561
trunc_laplace,302007,H,200.0,0.001,2.206669912478404,0.9643974460067561
trunc_laplace,302007,H,200.0,0.005,2.220582073217805,0.9659427355529489
trunc_laplace,302007,H,1000.0,9e-05,2.1436964736907385,0.9571152701189487
trunc_laplace,302007,H,1000.0,0.001,2.153065332662,0.958229193430548
trunc_laplace,302007,H,1000.0,0.005,2.1764874800901537,0.9609668399338864
trunc_laplace,302004,CP,,,2.3109574264596047,0.9754531982628483
trunc_laplace,302004,Oracle,,,2.0594275117127516,0.9465912222523267
trunc_laplace,302004,H,2.0,9e-05,3.212726062123606,1.0
trunc_laplace,302004,H,2.0,0.001,3.124909679918151,1.0
trunc_laplace,302004,H,2.0,0.005,3.013983723448102,1.0
trunc_laplace,302004,H,10.0,9e-05,2.5905662007269115,0.9997909303500307
trunc_laplace,302004,H,10.0,0.001,2.5077411307561843,0.9933058174666693
trunc_laplace,302004,H,10.0,0.005,2.456900067374079,0.9890384413004178
trunc_laplace,302004,H,50.0,9e-05,2.2880081806687778,0.9731224361406448
trunc_laplace,302004,H,50.0,0.001,2.2648986064041843,0.9707183295217785
trunc_laplace,302004,H,50.0,0.005,2.255654776698347,0.9697403432172145
trunc_laplace,302004,H,200.0,9e-05,2.177082224198729,0.9610354883157808
trunc_laplace,302004,H,200.0,0.001,2.1679776388332392,0.959979912597797
trunc_laplace,302004,H,200.0,0.005,2.1724603093458104,0.9605008813108629
trunc_laplace,302004,H,1000.0,9e-05,2.112514660598215,0.9533284742065455
trunc_laplace,302004,H,1000.0,0.001,2.112514660598215,0.9533284742065455
trunc_laplace,302004,H,1000.0,0.005,2.126380405156971,0.9550275798398071
trunc_laplace,302011,CP,,,2.9889070920031173,1.0
trunc_laplace,302011,Oracle,,,2.819098473154264,1.0
trunc_laplace,302011,H,2.0,9e-05,4.2209773382092015,1.0
trunc_laplace,302011,H,2.0,0.001,4.077509797793068,1.0
trunc_laplace,302011,H,2.0,0.005,3.8981753722729007,1.0
trunc_laplace,302011,H,10.0,9e-05,3.3390649034011233,1.0
trunc_laplace,302011,H,10.0,0.001,3.243419876457034,1.0
trunc_laplace,302011,H,10.0,0.005,3.1896195488009838,1.0
trunc_laplace,302011,H,50.0,9e-05,3.031609589167502,1.0
trunc_laplace,302011,H,50.0,0.001,3.0076983324314797,1.0
trunc_laplace,302011,H,50.0,0.005,2.9957427040634683,1.0
trunc_laplace,302011,H,200.0,9e-05,2.9120533054873903,1.0
trunc_laplace,302011,H,200.0,0.001,2.9054250563610355,1.0
trunc_laplace,302011,H,200.0,0.005,2.9060754913033846,1.0
trunc_laplace,302011,H,1000.0,9e-05,2.855133631132862,1.0
trunc_laplace,302011,H,1000.0,0.001,2.855133631132862,1.0
trunc_laplace,302011,H,1000.0,0.005,2.8670892595008732,1.0
trunc_laplace,302010,CP,,,2.2917079655515162,0.973501974624567
trunc_laplace,302010,Oracle,,,2.0357852993319883,0.9434686258650764
trunc_laplace,302010,H,2.0,9e-05,3.1951320181543643,1.0
trunc_laplace,302010,H,2.0,0.001,3.108047115463416,1.0
trunc_laplace,302010,H,2.0,0.005,3.002628549048058,1.0
trunc_laplace,302010,H,10.0,9e-05,2.555237449478824,0.9970930924230872
trunc_laplace,302010,H,10.0,0.001,2.473102283150785,0.9904230291825422
trunc_laplace,302010,H,10.0,0.005,2.4272681238397595,0.9864448616779855
trunc_laplace,302010,H,50.0,9e-05,2.2781167107522937,0.9721005083973853
trunc_laplace,302010,H,50.0,0.001,2.2506162151656786,0.9692032853118335
trunc_laplace,302010,H,50.0,0.005,2.2414493833034737,0.9682189287970338
trunc_laplace,302010,H,200.0,9e-05,2.158947896543628,0.9589230661660952
trunc_laplace,302010,H,200.0,0.001,2.1453357332343868,0.9573109586411706
trunc_laplace,302010,H,200.0,0.005,2.1499191491654894,0.9578563369458568
trunc_laplace,302010,H,1000.0,9e-05,2.0903347420611564,0.9505589370285372
trunc_laplace,302010,H,1000.0,0.001,2.0903347420611564,0.9505589370285372
trunc_laplace,302010,H,1000.0,0.005,2.099501573923362,0.9517113440315095
trunc_laplace,302013,CP,,,2.674975106993359,1.0
trunc_laplace,302013,Oracle,,,2.4757545836607475,0.9906474656152595
trunc_laplace,302013,H,2.0,9e-05,3.7455383983084163,1.0
trunc_laplace,302013,H,2.0,0.001,3.6278394936007214,1.0
trunc_laplace,302013,H,2.0,0.005,3.494090738251068,1.0
trunc_laplace,302013,H,10.0,9e-05,2.99327738087414,1.0
trunc_laplace,302013,H,10.0,0.001,2.9081057616150963,1.0
trunc_laplace,302013,H,10.0,0.005,2.854606259475235,1.0
trunc_laplace,302013,H,50.0,9e-05,2.6917926589707637,1.0
trunc_laplace,302013,H,50.0,0.001,2.6703928581148193,1.0
trunc_laplace,302013,H,50.0,0.005,2.665042907900833,1.0
trunc_laplace,302013,H,200.0,9e-05,2.5788615862559308,0.9989081105699291
trunc_laplace,302013,H,200.0,0.001,2.5735116360419448,0.9985009878633613
trunc_laplace,302013,H,200.0,0.005,2.5788615862559308,0.9989081105699291
trunc_laplace,302013,H,1000.0,9e-05,2.5178025377902875,0.9941238338699354
trunc_laplace,302013,H,1000.0,0.001,2.5178025377902875,0.9941238338699354
trunc_laplace,302013,H,1000.0,0.005,2.533852388432246,0.9954110850361291
trunc_laplace,302015,CP,,,2.8503446552702845,1.0
trunc_laplace,302015,Oracle,,,2.66792980025829,1.0
trunc_laplace,302015,H,2.0,9e-05,4.013896104921122,1.0
trunc_laplace,302015,H,2.0,0.001,3.8884809400892437,1.0
trunc_laplace,302015,H,2.0,0.005,3.734562328704665,1.0
trunc_laplace,302015,H,10.0,9e-05,3.1895146096913654,1.0
trunc_laplace,302015,H,10.0,0.001,3.0930585077038826,1.0
trunc_laplace,302015,H,10.0,0.005,3.041752303909023,1.0
trunc_laplace,302015,H,50.0,9e-05,2.8853668224462687,1.0
trunc_laplace,302015,H,50.0,0.001,2.862564065204109,1.0
trunc_laplace,302015,H,50.0,0.005,2.851162686583029,1.0
trunc_laplace,302015,H,200.0,9e-05,2.7650320654292337,1.0
trunc_laplace,302015,H,200.0,0.001,2.7536306868081537,1.0
trunc_laplace,302015,H,200.0,0.005,2.7593313761186935,1.0
trunc_laplace,302015,H,1000.0,9e-05,2.705670716594098,1.0
trunc_laplace,302015,H,1000.0,0.001,2.7113714059046377,1.0
trunc_laplace,302015,H,1000.0,0.005,2.717072095215178,1.0
trunc_laplace,302012,CP,,,1.9617328401742684,0.9331744509367184
trunc_laplace,302012,Oracle,,,1.621239171311738,0.8741236371927332
trunc_laplace,302012,H,2.0,9e-05,2.7193821168209067,1.0
trunc_laplace,302012,H,2.0,0.001,2.6487597345746408,1.0
trunc_laplace,302012,H,2.0,0.005,2.5585200239266346,0.9973479726222647
trunc_laplace,302012,H,10.0,9e-05,2.1755472256384256,0.9608582240764969
trunc_laplace,302012,H,10.0,0.001,2.09739148724781,0.9514470501963981
trunc_laplace,302012,H,10.0,0.005,2.042462967722937,0.9443584103890803
trunc_laplace,302012,H,50.0,9e-05,1.9030169551103138,0.9244278568258997
trunc_laplace,302012,H,50.0,0.001,1.8755526953478772,0.9201490998075428
trunc_laplace,302012,H,50.0,0.005,1.8637822983068328,0.9182774905837126
trunc_laplace,302012,H,200.0,9e-05,1.7775842555146626,0.9038478874659157
trunc_laplace,302012,H,200.0,0.001,1.7697373241539665,0.9024687342676889
trunc_laplace,302012,H,200.0,0.005,1.7697373241539665,0.9024687342676889
trunc_laplace,302012,H,1000.0,9e-05,1.6991149419077005,0.8895349708359133
trunc_laplace,302012,H,1000.0,0.001,1.7030384075880487,0.8902787799698082
trunc_laplace,302012,H,1000.0,0.005,1.714808804629093,0.8924920306298179
trunc_laplace,302014,CP,,,2.6133962872326677,1.0
trunc_laplace,302014,Oracle,,,2.4047519054640345,0.9844197969896626
trunc_laplace,302014,H,2.0,9e-05,3.674995231994638,1.0
trunc_laplace,302014,H,2.0,0.001,3.565232587930878,1.0
trunc_laplace,302014,H,2.0,0.005,3.4241091884203296,1.0
trunc_laplace,302014,H,10.0,9e-05,2.924371136532383,1.0
trunc_laplace,302014,H,10.0,0.001,2.8359334038010338,1.0
trunc_laplace,302014,H,10.0,0.005,2.783665478056386,1.0
trunc_laplace,302014,H,50.0,9e-05,2.6193731084016094,1.0
trunc_laplace,302014,H,50.0,0.001,2.5978972204383637,1.0
trunc_laplace,302014,H,50.0,0.005,2.5874436352894343,0.9995564641782966
trunc_laplace,302014,H,200.0,9e-05,2.509041746672463,0.9934120444076302
trunc_laplace,302014,H,200.0,0.001,2.4987456290034253,0.9925671574629615
trunc_laplace,302014,H,200.0,0.005,2.509041746672463,0.9934120444076302
trunc_laplace,302014,H,1000.0,9e-05,2.4493882978815216,0.9883885280178881
trunc_laplace,302014,H,1000.0,0.001,2.4493882978815216,0.9883885280178881
trunc_laplace,302014,H,1000.0,0.005,2.465068675604916,0.9897394281989715
trunc_laplace,302018,CP,,,2.7893850474984307,1.0
trunc_laplace,302018,Oracle,,,2.601066592496155,1.0
trunc_laplace,302018,H,2.0,9e-05,3.92805191350359,1.0
trunc_laplace,302018,H,2.0,0.001,3.8053189714136724,1.0
trunc_laplace,302018,H,2.0,0.005,3.654692178848774,1.0
trunc_laplace,302018,H,10.0,9e-05,3.116168361035215,1.0
trunc_laplace,302018,H,10.0,0.001,3.026908039515275,1.0
trunc_laplace,302018,H,10.0,0.005,2.9766991086603087,1.0
trunc_laplace,302018,H,50.0,9e-05,2.8125006641602077,1.0
trunc_laplace,302018,H,50.0,0.001,2.7846068136852264,1.0
trunc_laplace,302018,H,50.0,0.005,2.7790280435902304,1.0
trunc_laplace,302018,H,200.0,9e-05,2.7003182465696938,1.0
trunc_laplace,302018,H,200.0,0.001,2.689160706379701,1.0
trunc_laplace,302018,H,200.0,0.005,2.6947394764746972,1.0
trunc_laplace,302018,H,1000.0,9e-05,2.642226444045425,1.0
trunc_laplace,302018,H,1000.0,0.001,2.642226444045425,1.0
trunc_laplace,302018,H,1000.0,0.005,2.6533839842354174,1.0
trunc_laplace,302016,CP,,,2.359227239392821,0.980177198156323
trunc_laplace,302016,Oracle,,,2.1173110374967146,0.9539190033328255
trunc_laplace,302016,H,2.0,9e-05,3.2845499008248753,1.0
trunc_laplace,302016,H,2.0,0.001,3.1901808112491725,1.0
trunc_laplace,302016,H,2.0,0.005,3.07693790375833,1.0
trunc_laplace,302016,H,10.0,9e-05,2.6446763043871817,1.0
trunc_laplace,302016,H,10.0,0.001,2.5601212368890693,0.9974719847887514
trunc_laplace,302016,H,10.0,0.005,2.508218237622433,0.9933448015897492
trunc_laplace,302016,H,50.0,9e-05,2.3546724622272697,0.9797415311282316
trunc_laplace,302016,H,50.0,0.001,2.326361735354559,0.9769866819545396
trunc_laplace,302016,H,50.0,0.005,2.3122063719182036,0.9755784494631614
trunc_laplace,302016,H,200.0,9e-05,2.2367111002576414,0.967706418750216
trunc_laplace,302016,H,200.0,0.001,2.222555736821286,0.9661601491073311
trunc_laplace,302016,H,200.0,0.005,2.222555736821286,0.9661601491073311
trunc_laplace,302016,H,1000.0,9e-05,2.1660764358636735,0.9597582211702154
trunc_laplace,302016,H,1000.0,0.001,2.1660764358636735,0.9597582211702154
trunc_laplace,302016,H,1000.0,0.005,2.175513344821244,0.9608543082599912
trunc_laplace,302017,CP,,,2.4159968674784458,0.9854370918139463
trunc_laplace,302017,Oracle,,,2.1834848099403894,0.9617718166254721
trunc_laplace,302017,H,2.0,9e-05,3.3732493763499756,1.0
trunc_laplace,302017,H,2.0,0.001,3.276609501650848,1.0
trunc_laplace,302017,H,2.0,0.005,3.1606416520118956,1.0
trunc_laplace,302017,H,10.0,9e-05,2.7131466317680166,1.0
trunc_laplace,302017,H,10.0,0.001,2.6265569320587834,1.0
trunc_laplace,302017,H,10.0,0.005,2.5734050009742635,0.9984928499893795
trunc_laplace,302017,H,50.0,9e-05,2.411332489592208,0.9850165685385861
trunc_laplace,302017,H,50.0,0.001,2.387172520917426,0.9828053466970073
trunc_laplace,302017,H,50.0,0.005,2.38234052718247,0.9823563761843213
trunc_laplace,302017,H,200.0,9e-05,2.295364639953255,0.9738756542576192
trunc_laplace,302017,H,200.0,0.001,2.2857006524833423,0.9728849781316737
trunc_laplace,302017,H,200.0,0.005,2.295364639953255,0.9738756542576192
trunc_laplace,302017,H,1000.0,9e-05,2.230553047767866,0.9670365448741169
trunc_laplace,302017,H,1000.0,0.001,2.230553047767866,0.9670365448741169
trunc_laplace,302017,H,1000.0,0.005,2.2450490289727356,0.9686065900980632
trunc_laplace,302021,CP,,,2.57744912637233,0.998800845243248
trunc_laplace,302021,Oracle,,,2.3664702340718726,0.9808657461398425
trunc_laplace,302021,H,2.0,9e-05,3.608981125572026,1.0
trunc_laplace,302021,H,2.0,0.001,3.495573364011656,1.0
trunc_laplace,302021,H,2.0,0.005,3.366700907693054,1.0
trunc_laplace,302021,H,10.0,9e-05,2.8944563256280347,1.0
trunc_laplace,302021,H,10.0,0.001,2.807235050354802,1.0
trunc_laplace,302021,H,10.0,0.005,2.755686067827361,1.0
trunc_laplace,302021,H,50.0,9e-05,2.587937739882369,0.9995936162196561
trunc_laplace,302021,H,50.0,0.001,2.562163248618648,0.9976298361344722
trunc_laplace,302021,H,50.0,0.005,2.5518534521131597,0.996829421955646
trunc_laplace,302021,H,200.0,9e-05,2.469375080069254,0.9901065838119303
trunc_laplace,302021,H,200.0,0.001,2.4642201818165104,0.98966689259513
trunc_laplace,302021,H,200.0,0.005,2.4745299783219985,0.9905439172369126
trunc_laplace,302021,H,1000.0,9e-05,2.4105421620680896,0.9849451125773081
trunc_laplace,302021,H,1000.0,0.001,2.4105421620680896,0.9849451125773081
trunc_laplace,302021,H,1000.0,0.005,2.426006856826322,0.9863326788475932
trunc_laplace,302019,CP,,,3.1272812124581,1.0
trunc_laplace,302019,Oracle,,,2.9667563886354604,1.0
trunc_laplace,302019,H,2.0,9e-05,4.3976275626608565,1.0
trunc_laplace,302019,H,2.0,0.001,4.247518064462884,1.0
trunc_laplace,302019,H,2.0,0.005,4.078644878990166,1.0
trunc_laplace,302019,H,10.0,9e-05,3.493649892137116,1.0
trunc_laplace,302019,H,10.0,0.001,3.393576893338468,1.0
trunc_laplace,302019,H,10.0,0.005,3.3372858315142286,1.0
trunc_laplace,302019,H,50.0,9e-05,3.184469784676677,1.0
trunc_laplace,302019,H,50.0,0.001,3.159451534977015,1.0
trunc_laplace,302019,H,50.0,0.005,3.146942410127184,1.0
trunc_laplace,302019,H,200.0,9e-05,3.065633098603282,1.0
trunc_laplace,302019,H,200.0,0.001,3.053123973753451,1.0
trunc_laplace,302019,H,200.0,0.005,3.0593785361783667,1.0
trunc_laplace,302019,H,1000.0,9e-05,3.006078277142153,1.0
trunc_laplace,302019,H,1000.0,0.001,3.006078277142153,1.0
trunc_laplace,302019,H,1000.0,0.005,3.018587401991984,1.0
trunc_laplace,302022,CP,,,2.580180057139426,0.9990080956580418
trunc_laplace,302022,Oracle,,,2.370271124795762,0.981224998221593
trunc_laplace,302022,H,2.0,9e-05,3.6128050138858048,1.0
trunc_laplace,302022,H,2.0,0.001,3.509597811600239,1.0
trunc_laplace,302022,H,2.0,0.005,3.380588808743282,1.0
trunc_laplace,302022,H,10.0,9e-05,2.8923627805879297,1.0
trunc_laplace,302022,H,10.0,0.001,2.8050490901970706,1.0
trunc_laplace,302022,H,10.0,0.005,2.753445489054288,1.0
trunc_laplace,302022,H,50.0,9e-05,2.5912412731095613,0.9998415196483674
trunc_laplace,302022,H,50.0,0.001,2.5700383433805984,0.9982354569685166
trunc_laplace,302022,H,50.0,0.005,2.559717623152042,0.9974407448740916
trunc_laplace,302022,H,200.0,9e-05,2.4771518613235894,0.9907654531249956
trunc_laplace,302022,H,200.0,0.001,2.471991501209311,0.9903288507094921
trunc_laplace,302022,H,200.0,0.005,2.4771518613235894,0.9907654531249956
trunc_laplace,302022,H,1000.0,9e-05,2.4130962469143884,0.985175823052133
trunc_laplace,302022,H,1000.0,0.001,2.4130962469143884,0.985175823052133
trunc_laplace,302022,H,1000.0,0.005,2.4285773272572233,0.9865611521917468
trunc_laplace,302020,CP,,,2.3235971245943143,0.9767132787595354
trunc_laplace,302020,Oracle,,,2.0728757600519465,0.9483333708895401
trunc_laplace,302020,H,2.0,9e-05,3.2488867282213048,1.0
trunc_laplace,302020,H,2.0,0.001,3.1605900374867306,1.0
trunc_laplace,302020,H,2.0,0.005,3.049057375506216,1.0
trunc_laplace,302020,H,10.0,9e-05,2.6093824031976545,1.0
trunc_laplace,302020,H,10.0,0.001,2.521457130250521,0.9944188419492956
trunc_laplace,302020,H,10.0,0.005,2.47498518775864,0.9905824236130676
trunc_laplace,302020,H,50.0,9e-05,2.3144639414804984,0.9758044374874744
trunc_laplace,302020,H,50.0,0.001,2.2912279702345577,0.9734528174612394
trunc_laplace,302020,H,50.0,0.005,2.2772863874869933,0.9720142437039114
trunc_laplace,302020,H,200.0,9e-05,2.188989696752419,0.9624009855924847
trunc_laplace,302020,H,200.0,0.001,2.1751881199370904,0.960816712959411
trunc_laplace,302020,H,200.0,0.005,2.1798353141862785,0.9613527096864445
trunc_laplace,302020,H,1000.0,9e-05,2.126656822372692,0.9550612027544485
trunc_laplace,302020,H,1000.0,0.001,2.128716177445209,0.9553113942508367
trunc_laplace,302020,H,1000.0,0.005,2.1405984051202562,0.9567445195922661
trunc_laplace,302023,CP,,,2.3574812666278957,0.9800104394588136
trunc_laplace,302023,Oracle,,,2.113797451330464,0.9534867007073471
trunc_laplace,302023,H,2.0,9e-05,3.2868340951065083,1.0
trunc_laplace,302023,H,2.0,0.001,3.192534844441403,1.0
trunc_laplace,302023,H,2.0,0.005,3.0840907061765317,1.0
trunc_laplace,302023,H,10.0,9e-05,2.642719081817688,1.0
trunc_laplace,302023,H,10.0,0.001,2.5582265902522896,0.9973252240456034
trunc_laplace,302023,H,10.0,0.005,2.5063620023864814,0.993193020542698
trunc_laplace,302023,H,50.0,9e-05,2.3482148977433748,0.9791203032103333
trunc_laplace,302023,H,50.0,0.001,2.3246400850770983,0.9768165138306717
trunc_laplace,302023,H,50.0,0.005,2.315210160010588,0.9758790187757254
trunc_laplace,302023,H,200.0,9e-05,2.230340834411993,0.9670133834927861
trunc_laplace,302023,H,200.0,0.001,2.2209109093454824,0.9659789903501461
trunc_laplace,302023,H,200.0,0.005,2.221052956931515,0.9659946475162087
trunc_laplace,302023,H,1000.0,9e-05,2.164473406532452,0.9595709566268078
trunc_laplace,302023,H,1000.0,0.001,2.167098983193515,0.9598775108288349
trunc_laplace,302023,H,1000.0,0.005,2.176528908260025,0.9609716231634107
trunc_laplace,302027,CP,,,2.6383658200713285,1.0
trunc_laplace,302027,Oracle,,,2.434899626312742,0.9871205032300603
trunc_laplace,302027,H,2.0,9e-05,3.699554282869021,1.0
trunc_laplace,302027,H,2.0,0.001,3.5834661867858957,1.0
trunc_laplace,302027,H,2.0,0.005,3.4462711641422015,1.0
trunc_laplace,302027,H,10.0,9e-05,2.95758859093348,1.0
trunc_laplace,302027,H,10.0,0.001,2.8683058853664383,1.0
trunc_laplace,302027,H,10.0,0.005,2.8155385689650174,1.0
trunc_laplace,302027,H,50.0,9e-05,2.649102326604737,1.0
trunc_laplace,302027,H,50.0,0.001,2.6227186684040262,1.0
trunc_laplace,302027,H,50.0,0.005,2.617441936763884,1.0
trunc_laplace,302027,H,200.0,9e-05,2.543567693801895,0.9961798788114051
trunc_laplace,302027,H,200.0,0.001,2.533014230521611,0.9953443939616178
trunc_laplace,302027,H,200.0,0.005,2.538290962161753,0.9957632859874344
trunc_laplace,302027,H,1000.0,9e-05,2.4780675581918743,0.9908426822559755
trunc_laplace,302027,H,1000.0,0.001,2.4780675581918743,0.9908426822559755
trunc_laplace,302027,H,1000.0,0.005,2.4886210214721585,0.9917274492018664
trunc_laplace,302026,CP,,,2.4146728939514053,0.9853179350684544
trunc_laplace,302026,Oracle,,,2.1786468947141047,0.9612158872632612
trunc_laplace,302026,H,2.0,9e-05,3.356912788214324,1.0
trunc_laplace,302026,H,2.0,0.001,3.2651552182441805,1.0
trunc_laplace,302026,H,2.0,0.005,3.154080265122428,1.0
trunc_laplace,302026,H,10.0,9e-05,2.6971717819155216,1.0
trunc_laplace,302026,H,10.0,0.001,2.6154588794092453,1.0
trunc_laplace,302026,H,10.0,0.005,2.5671654215302224,0.9980150959329723
trunc_laplace,302026,H,50.0,9e-05,2.4100110721582335,0.9848970619903328
trunc_laplace,302026,H,50.0,0.001,2.3810349974308203,0.9822346825328143
trunc_laplace,302026,H,50.0,0.005,2.376205651642918,0.9817830768512725
trunc_laplace,302026,H,200.0,9e-05,2.289277427460677,0.9732528055466052
trunc_laplace,302026,H,200.0,0.001,2.2797642294930296,0.9722714528692196
trunc_laplace,302026,H,200.0,0.005,2.2845935752809314,0.9727708504419224
trunc_laplace,302026,H,1000.0,9e-05,2.2293306980100263,0.9669030649183603
trunc_laplace,302026,H,1000.0,0.001,2.2293306980100263,0.9669030649183603
trunc_laplace,302026,H,1000.0,0.005,2.243818735373733,0.9684742581858323
trunc_laplace,302028,CP,,,2.501385340206329,0.9927846346499214
trunc_laplace,302028,Oracle,,,2.281122965533709,0.9724122127444881
trunc_laplace,302028,H,2.0,9e-05,3.5074782951122088,1.0
trunc_laplace,302028,H,2.0,0.001,3.4024201108235546,1.0
trunc_laplace,302028,H,2.0,0.005,3.27234807313284,1.0
trunc_laplace,302028,H,10.0,9e-05,2.8090372557551513,1.0
trunc_laplace,302028,H,10.0,0.001,2.71938722003652,1.0
trunc_laplace,302028,H,10.0,0.005,2.669359513232399,1.0
trunc_laplace,302028,H,50.0,9e-05,2.5065616507751467,0.9932093595430946
trunc_laplace,302028,H,50.0,0.001,2.481547797373086,0.9911355308038621
trunc_laplace,302028,H,50.0,0.005,2.476545026692674,0.9907142325307126
trunc_laplace,302028,H,200.0,9e-05,2.391497925125668,0.9832053319289504
trunc_laplace,302028,H,200.0,0.001,2.3814923837648436,0.982277336202815
trunc_laplace,302028,H,200.0,0.005,2.3814923837648436,0.982277336202815
trunc_laplace,302028,H,1000.0,9e-05,2.3293984703229964,0.9772860893588855
trunc_laplace,302028,H,1000.0,0.001,2.3293984703229964,0.9772860893588855
trunc_laplace,302028,H,1000.0,0.005,2.3394040116838206,0.9782659042021131
trunc_laplace,302024,CP,,,2.4702746892770637,0.9901830747101519
trunc_laplace,302024,Oracle,,,2.2435719280690214,0.968447690828282
trunc_laplace,302024,H,2.0,9e-05,3.4638544954811574,1.0
trunc_laplace,302024,H,2.0,0.001,3.350221859774425,1.0
trunc_laplace,302024,H,2.0,0.005,3.2217675759320317,1.0
trunc_laplace,302024,H,10.0,9e-05,2.7691596752417262,1.0
trunc_laplace,302024,H,10.0,0.001,2.680624650042349,1.0
trunc_laplace,302024,H,10.0,0.005,2.6312191562568135,1.0
trunc_laplace,302024,H,50.0,9e-05,2.4704460707859495,0.9901976385951676
trunc_laplace,302024,H,50.0,0.001,2.445743323893181,0.9880713276424118
trunc_laplace,302024,H,50.0,0.005,2.4408027745146277,0.9876394514120226
trunc_laplace,302024,H,200.0,9e-05,2.351872885700663,0.9794727211577139
trunc_laplace,302024,H,200.0,0.001,2.342140630780161,0.978532117603742
trunc_laplace,302024,H,200.0,0.005,2.3469323363221095,0.9789964199296368
trunc_laplace,302024,H,1000.0,9e-05,2.2905457846933905,0.9733829112835499
trunc_laplace,302024,H,1000.0,0.001,2.295486334071944,0.973888065826477
trunc_laplace,302024,H,1000.0,0.005,2.305367432829051,0.9748905988074352
trunc_laplace,302025,CP,,,2.3418564392628203,0.978504507307677
trunc_laplace,302025,Oracle,,,2.093855648069778,0.9510028710401348
trunc_laplace,302025,H,2.0,9e-05,3.2744171631082404,1.0
trunc_laplace,302025,H,2.0,0.001,3.1807429055377376,1.0
trunc_laplace,302025,H,2.0,0.005,3.058966370696085,1.0
trunc_laplace,302025,H,10.0,9e-05,2.62052005290577,1.0
trunc_laplace,302025,H,10.0,0.001,2.536587557558811,0.9956283135566215
trunc_laplace,302025,H,10.0,0.005,2.4850667158950346,0.991430555195834
trunc_laplace,302025,H,50.0,9e-05,2.3232840599190805,0.9766822688436598
trunc_laplace,302025,H,50.0,0.001,2.2998654955264546,0.9743336492272943
trunc_laplace,302025,H,50.0,0.005,2.2904980697694044,0.9733780198901605
trunc_laplace,302025,H,200.0,9e-05,2.206332344084235,0.9643596713310991
trunc_laplace,302025,H,200.0,0.001,2.1969649183271844,0.963306111787551
trunc_laplace,302025,H,200.0,0.005,2.2016486312057095,0.9638341783061315
trunc_laplace,302025,H,1000.0,9e-05,2.1454440766634084,0.9573238804803967
trunc_laplace,302025,H,1000.0,0.001,2.1454440766634084,0.9573238804803967
trunc_laplace,302025,H,1000.0,0.005,2.1548115024204586,0.9584356058789902
trunc_laplace,302029,CP,,,2.417014522803385,0.985528568339122
trunc_laplace,302029,Oracle,,,2.1834856962231086,0.9617719182122566
trunc_laplace,302029,H,2.0,9e-05,3.369836212222035,1.0
trunc_laplace,302029,H,2.0,0.001,3.27315563130991,1.0
trunc_laplace,302029,H,2.0,0.005,3.1571389342153604,1.0
trunc_laplace,302029,H,10.0,9e-05,2.699787364042235,1.0
trunc_laplace,302029,H,10.0,0.001,2.617995220455079,1.0
trunc_laplace,302029,H,10.0,0.005,2.569654929999017,0.9982060862725837
trunc_laplace,302029,H,50.0,9e-05,2.407514151163284,0.984670794898507
trunc_laplace,302029,H,50.0,0.001,2.383344005935253,0.9824498018793955
trunc_laplace,302029,H,50.0,0.005,2.3736759478440406,0.9815456076872926
trunc_laplace,302029,H,200.0,9e-05,2.296331483114341,0.973974219028503
trunc_laplace,302029,H,200.0,0.001,2.286663425023128,0.9729841224877527
trunc_laplace,302029,H,200.0,0.005,2.286663425023128,0.9729841224877527
trunc_laplace,302029,H,1000.0,9e-05,2.228800711176426,0.9668451377211653
trunc_laplace,302029,H,1000.0,0.001,2.228800711176426,0.9668451377211653
trunc_laplace,302029,H,1000.0,0.005,2.238468769267638,0.967896830258109
