shape,method,reps,mean_cov,reliability,width
gamma2_skew,CP_PAC,150,0.9718079716522787,1.0,4.966693518123573
gamma2_skew,FH_PAC,150,0.9497930993903009,1.0,3.954129075088663
gamma2_skew,HetLDC_cert,150,0.9609334686389819,1.0,4.447237351916468
gamma2_skew,cohen,150,0.8097226638906769,0.04666666666666667,2.2884370218635137
gamma2_skew,cohen_stable,150,0.9033249187223714,0.6666666666666666,3.114570355196847
gamma2_skew,latentcp,150,0.9758910099455452,1.0,5.24231670939794
gamma2_skew,latentcp_multi,150,0.9770159395800881,0.9933333333333333,5.861871998228811
gamma2_skew,latentcp_pac,150,0.9901381425175064,1.0,7.041373822475325
gamma2_skew,latentcp_tuned,150,0.9767697609187833,1.0,5.5855581474909375
gamma2_skew,shape_free_k107,150,0.9850584721823289,1.0,6.155001049002627
laplace,CP_PAC,150,0.9712185563757051,1.0,5.1494410281587895
laplace,FH_PAC,150,0.9347936054709057,0.9266666666666666,3.9552397735528455
laplace,HetLDC_cert,150,0.958278914124405,0.9866666666666667,4.661187465831467
laplace,cohen,150,0.7937773701984288,0.0,2.273501245998588
laplace,cohen_stable,150,0.8958844794472796,0.5866666666666667,3.3804345793319213
laplace,latentcp,150,0.9763598692616429,1.0,5.433933487122335
laplace,latentcp_multi,150,0.9745188625682382,1.0,5.638475705580212
laplace,latentcp_pac,150,0.9907295133060796,1.0,6.931935131310867
laplace,latentcp_tuned,150,0.9757268174169567,0.9866666666666667,5.764779816431722
laplace,shape_free_k107,150,0.9864468182718178,1.0,6.288832907519383
normal,CP_PAC,150,0.9838749626278898,1.0,4.962765050126596
normal,FH_PAC,150,0.9453415568059556,0.96,3.9302535532427925
normal,HetLDC_cert,150,0.967359141589685,0.98,4.448262960150393
normal,cohen,150,0.7569126582271435,0.0,2.361594259725069
normal,cohen_stable,150,0.8958858106187635,0.5533333333333333,3.4087942597250684
normal,latentcp,150,0.9880430686658341,1.0,5.1940896376282115
normal,latentcp_multi,150,0.9809846174764097,0.9933333333333333,5.191872090120968
normal,latentcp_pac,150,0.9964327159177427,1.0,6.166208577530812
normal,latentcp_tuned,150,0.9794450866985062,0.9866666666666667,5.256420113379951
normal,shape_free_k107,150,0.9950957933195647,1.0,5.921838829162381
trunc_laplace,CP_PAC,150,0.9842199646597262,1.0,4.931373193819271
trunc_laplace,FH_PAC,150,0.9274604706647009,0.8466666666666667,3.892007566723075
trunc_laplace,HetLDC_cert,150,0.9595038554962798,0.9666666666666667,4.41709286267084
trunc_laplace,cohen,150,0.7528789763189561,0.0,2.348721618475233
trunc_laplace,cohen_stable,150,0.8839712043299274,0.44666666666666666,3.4525882851418994
trunc_laplace,latentcp,150,0.9897366339801077,1.0,5.128748613619356
trunc_laplace,latentcp_multi,150,0.973680752128049,0.9533333333333334,4.997277255251562
trunc_laplace,latentcp_pac,150,0.9993756500143072,1.0,6.231875882985405
trunc_laplace,latentcp_tuned,150,0.9801791605223091,0.9866666666666667,5.227824855832583
trunc_laplace,shape_free_k107,150,0.9979331711489595,1.0,5.8898078108008045
