x,R,beta,length,dirac,R_DE
1e-06,1.0000190618170843,44.286052782634584,2.9115188110003847,0.9987184484344555,
1e-05,1.000060278758321,14.004472495590385,2.0225233906386633,0.9959473781139245,
0.0001,1.000190583675824,4.429091863865934,1.9928167791328546,0.9871844843443442,
0.0005,1.0004152397558495,1.9672762941354969,1.9837845202380182,0.9713436358277024,
0.001,1.0005468805229507,1.3447982374000478,1.976748931823884,0.959473781139245,1.0269744795167957
0.002,1.0006329554554232,0.8545389885230096,1.966402565811477,0.9426872716553482,
0.005,1.000294811336305,0.3271118267887586,1.944622850121512,0.9093806197563177,
0.006,1.0000690425018766,0.23277543658094327,1.9387090764065809,0.9007314425867944,1.0000690425018814
0.008,0.9995043231115206,0.08881892193625439,1.9279518084351384,0.8853745433108398,
0.011,0.9984361413067271,0.06510905737576081,1.9136060741794143,0.8655897378670528,0.9984361413067209
0.016,0.9962137518444101,0.2413839413173693,1.892585680915187,0.837895124556986,0.996213751844412
0.021,0.9935639875747608,0.36764489324079475,1.8737645409120143,0.8142855344402431,0.9935639875747622
0.026,0.9905662952452498,0.4666834137049798,1.8563477370954924,0.7933560192167031,0.9905662952452496
0.031,0.9872677644696927,0.5486224488162638,1.8399087022816638,0.7743595628668383,0.9872677644696962
0.036,0.9836993069336959,0.6188286929578183,1.824186286482229,0.7568426868359699,0.9836993069336943
0.041,0.9798825258373547,0.6804847340583012,1.8090060712349758,0.7405055857611915,0.9798825258373555
0.046,0.9758331433912,0.7356313490327321,1.794244117801437,0.7251378107180037,0.9758331433911999
0.051,0.9715629051192362,0.7856541062635277,1.7798082915753468,0.7105849085264315,0.971562905119236
0.056,0.9670807227547732,0.8315365548352435,1.765627224293322,0.6967295476827714,0.967080722754773
0.061,0.9623934012176283,0.8740018182188559,1.7516441493353383,0.6834801122704887,0.9623934012176281
0.066,0.9575061228323755,0.9135964867335209,1.7378123698993961,0.670763441523036,0.9575061228323746
0.071,0.9524227831142762,0.950744386072526,1.724092852307604,0.6585200097715802,0.9524227831142698
0.076,0.9471462335278321,0.9857809512643544,1.7104517334034401,0.6467006130171887,0.9471462335278202
0.081,0.9416784658147735,1.018976756413048,1.6968589937362997,0.6352640228319788,0.9416784658147455
0.086,0.9360207600449251,1.0505552656661707,1.6832875481307485,0.6241752817158832,0.9360207600448581
0.091,0.9301738100885518,1.0807045568696414,1.669711831299923,0.6134044351655329,0.9301738100884179
0.096,0.9241378340271602,1.1095870152232452,1.6561075688996134,0.6029255674515674,0.9241378340272718
0.101,0.9179126726121128,1.1373461379738317,1.6424511936955208,0.5927160523436289,0.9179126726121125
0.106,0.9114978761114985,1.1641116649566634,1.628719911644219,0.582755958404983,0.9114978761114969
0.111,0.9048927785677989,1.1900033886297252,1.6148913628227566,0.5730275673578267,0.9048927785677994
0.116,0.8980965582827511,1.2151335027719137,1.600943952417731,0.5635149769294283,0.8980965582827501
0.121,0.8911082838280632,1.2396086241732982,1.5868567396232602,0.5542037685512397,0.891108283828063
0.126,0.8839269456523171,1.2635308034822534,1.5726098531156587,0.5450807265139507,0.8839269456523169
0.131,0.8765514741167244,1.2869983955441644,1.5581843138185525,0.5361335994113676,0.8765514741167221
0.136,0.8689807453716929,1.3101062949611573,1.543562414480281,0.5273508975199418,0.8689807453716922
0.141,0.8612135768181062,1.332946723505064,1.5287273585496632,0.5187217214967703,0.8612135768181034
0.146,0.8532487139926678,1.3556088656838607,1.5136635504421532,0.5102356188032826,0.8532487139926664
0.151,0.8450848106257949,1.3781799312727987,1.4983563893715897,0.5018824647810536,0.8450848106257949
0.156,0.836720403405272,1.4007449219678465,1.4827921505780741,0.49365236554445097,0.8367204034052714
0.161,0.828153882696042,1.4233874075329258,1.4669579852550199,0.48553557992579743,0.8281538826960402
0.166,0.8193834601599588,1.4461894142725205,1.4508415569066409,0.47752245773169355,0.8193834601599554
0.171,0.8104071339184191,1.4692326826611886,1.4344311464854616,0.4696033915934778,0.8104071339184187
0.176,0.8012226516220015,1.4925987848212636,1.4177154062271573,0.46176877976154945,0.8012226516219997
0.181,0.7918274715412381,1.5163693954111392,1.4006830414364941,0.45400899729276933,0.7918274715412371
0.186,0.7822187215710651,1.5406280024842987,1.383323002285776,0.44631437326065576,0.7822187215710649
0.191,0.7723931558437165,1.5654594804157287,1.365623978232265,0.43867517177844,0.7723931558438619
0.196,0.7623471084634685,1.5909520313542143,1.3475745688882679,0.43108157485285714,0.7623471084634901
0.201,0.7520764437028293,1.6171974118965566,1.3291629223957082,0.4235236652813965,0.7520764437028291
0.206,0.7415765018235998,1.6442922115019727,1.3103766084271709,0.41599140799294293,0.741576501823598
0.211,0.7308420394968929,1.6723391252101636,1.2912026761971307,0.4084746283988554,0.7308420394968906
0.216,0.7198671635816261,1.7014482184698945,1.2716272802343216,0.4009629864129915,0.7198671635817351
0.221,0.7086452567674025,1.7317386145651166,1.2516354747427219,0.3934459448875468,0.7086452567674013
0.226,0.6971688932784184,1.7633402194651653,1.2312113927229624,0.3859127311852304,0.6971688932784181
0.231,0.6854297424494697,1.796395918980021,1.2103376233163354,0.37835229054537906,0.685429742449467
0.236,0.6734184574966087,1.8310642108719772,1.1889953118817274,0.3707532297374322,0.6734184574966047
0.241,0.6611245461782748,1.8675221542443208,1.167163766513359,0.3631037492351751,0.6611245461782619
0.246,0.6485362192301449,1.905968718061349,1.1448202244042713,0.3553915617616828,0.6485362192300866
0.251,0.6356402113928733,1.946630125730357,1.1219395362681774,0.34760379451894474,0.6356402113929372
0.256,0.6224215684444729,1.9897650555937598,1.09849376347272,0.33972687166988097,0.6224215684444717
0.261,0.6088633917679398,2.0356708190000887,1.0744518094857356,0.3317463726500047,0.6088633917679384
0.266,0.5949465294418463,2.084693025126249,1.0497787067866597,0.3236468604908708,0.5949465294418453
0.271,0.5806491993615468,2.137236003986363,1.024435072999258,0.31541167246721313,0.5806491993615441
0.276,0.5659465250714903,2.19377819895973,0.998376414702446,0.30702266274959733,0.5659465250714891
0.281,0.5508099581934488,2.2548886634038325,0.9715518040307803,0.2984598830576714,0.5508099581934304
0.286,0.5352065516105378,2.321253900896086,0.9439028714905057,0.2897011820340812,0.5352065516105368
0.291,0.5190980333964521,2.3937095587702824,0.9153621354224218,0.2807216963722971,0.5190980333964469
0.296,0.5024396104109842,2.473286088117333,0.8858508075335303,0.2714931953378915,0.5024396104109589
0.301,0.4851783984476635,2.561271878889528,0.8552761443191469,0.2619832229490906,0.48517839844766
0.306,0.4672513258617821,2.659302911616733,0.8235277037800104,0.2521539550907445,0.4672513258617771
0.311,0.44858227744126433,2.7694938801905282,0.790472485024024,0.24196064544800958,0.44858227744125956
0.316,0.42907811237229493,2.8946360239027094,0.7559477489876448,0.23134946229458137,0.42907811237229243
0.321,0.40862296133982673,3.0385010192828474,0.7197512923844638,0.22025439447528536,0.4086229613398239
0.326,0.38706979620283155,3.2063375460386245,0.6816262654797102,0.20859268246452037,0.38706979620282883
0.331,0.3642274857615956,3.4057051256491317,0.6412390186676584,0.19625780892976333,0.36422748576165886
0.336,0.3398399778108963,3.647974870507345,0.5981421401330008,0.18310823317977074,0.33983997781089365
0.341,0.3135508195602721,3.951211873101444,0.5517125394812713,0.16894820199672272,0.3135508195601781
0.346,0.2848379930605285,4.346284500552368,0.5010371424863449,0.1534925211916923,0.28483799306052565
0.351,0.25288154325836865,4.891506124284511,0.44468045600149003,0.13629502177651087,0.2528815432583562
0.356,0.2162529248796921,5.7148894797859375,0.3801400202696009,0.1165807394948845,0.21625292487968764
0.361,0.17199808770448977,7.178316239715973,0.30223683245597366,0.09275073376040337,0.17199808770441488
0.366,0.11137725314535749,11.073709201961274,0.19563834524349852,0.06008205036932742,0.1113772531453504
0.371,-inf,,,-inf,0.0
